1,1,一,土,克父伤母，性刚果断，少年艰难，中年劳，晚年吉祥。
2,1,乙,土,孤独，幼年多灾，中年成功，离祖大吉，出外贵人现，环境良好。
3,2,刀,金,多刑，克妻伤子，怀才不遇，忌车怕水，多灾厄。
4,2,人,金,英俊佳人，环境良好，温和贤淑，荣贵成功。
5,2,入,金,病弱短寿，多灾厄，多刑克，中年多灾，晚年吉祥。
6,2,卜,水,英俊才人，温和伶俐，中年成功隆昌，贵人明现，欠子之字。
7,2,丁,火,忧心劳神，身弱多病，中年劳苦，晚年吉祥。
8,2,二,火,忌车怕水，多灾厄，或身弱多病，中年奔波，晚年幸福。
9,2,力,火,孤独，刑克父母，少年艰难，中年成功隆昌，智勇双全。
10,2,了,火,家破人亡，困苦一生，有子亦不孝，了然一生。
11,2,又,土,性刚，奔走他乡吉利，中年有灾厄，晚年享福。
12,3,才,金,多才巧智，清雅荣贵，成功隆昌，环境良好。
13,3,川,金,克偶伤子，双妻之格，中年隆昌，晚年劳神。
14,3,寸,金,品性温良，晚婚大吉，环境良好，中年多灾，晚年隆昌。
15,3,千,金,精明公正，义利分明，官运旺盛，成功隆昌，环境良好。
16,3,刃,金,忧心劳神，事劳无功，病弱短寿，或牢狱之字。
17,3,三,金,孤独，幼年辛苦，出外逢贵得财，中年多劳，晚年成功隆昌。
18,3,上,金,一生清雅荣贵，但不善仁和，子孙兴旺，二子吉祥。
19,3,士,金,身弱短寿，幼年辛苦，中年隆昌，晚年劳神，少乐之字。
20,3,夕,金,少年艰难，出外大吉，性刚多灾，刑偶伤子，晚年享福。
21,3,小,金,清秀伶俐，多才巧智，早婚不宜，一生清闲幸福。
22,3,干,木,性刚果断，常有祸端，有牢狱之灾。
23,3,工,木,上下敦睦，一生平凡，保守之格，子孙兴旺，吉祥幸福。
24,3,弓,木,抱负大，志气强，有精神失常之灾，杀人被杀之字。
25,3,及,木,事劳无功，奔波劳苦，多灾难，出国大吉，晚年享福。
26,3,巾,木,刑克父母，刑妻伤子，晚婚大吉，中年隆昌，晚年多灾。
27,3,久,木,出国之格，一生清雅荣贵，中年成功隆昌，福寿之字。
28,3,口,木,食禄齐美，口才伶俐，重情失败，中年劳神，晚年吉祥。
29,3,乞,木,过房之字，少年艰难，中年成功隆昌，双妻之格，晚年劳神。
30,3,凡,水,刑偶欠子，一生清贵，出外逢贵得财，子孙兴旺。
31,3,亡,水,不祥之字，忌车怕水，恶死凶亡，一生难得幸福。
32,3,下,水,刑偶伤子，有才能，奔波劳苦，有晚福。
33,3,子,水,智勇双全，清雅荣贵，中年劳，晚年隆昌，女人温和贤淑。
34,3,大,火,清雅荣贵，多才精明，中年成功隆昌，富贵荣华，但常人难受。
35,3,孓,火,不祥之字，暗淡无光，多劳困苦，事劳无功。
36,3,女,火,孤独，刑偶欠子，环境良好，秀气伶俐，晚年劳神。
37,3,勺,火,天生聪明，清雅荣贵，环境良好，一生享福，欠子之字。
38,3,巳,火,一生清雅多才，刑偶伤子，中年多灾，晚年吉庆。
39,3,弋,火,出外逢贵，重义信用，中年多灾，晚年隆昌。
40,3,之,火,出国之字，名利双收，学识渊博，官运旺盛，荣贵之字。
41,3,己,土,孤独长寿，中年吉庆，晚年忧心劳神或潦倒。
42,3,山,土,孤独，父母无缘，少年艰难，中年隆昌，技术大吉，欠子之字。
43,3,土,土,技术方面大吉，贵人明现，成功隆昌，环境良好。
44,3,丸,土,出外大吉，欠子之字，中年成功隆昌，环境良好。
45,3,也,土,奔波劳苦，一生多灾，难得幸福，晚年享福。
46,3,于,土,一生清荣，温和贤淑，中年劳神，晚年隆昌。女人薄幸多灾。
47,4,仇,金,口快心直，刑偶伤子，中年多灾，晚年享福。
48,4,戈,金,杀人被杀，病弱短寿，刑偶伤子，女人多灾，守寡之字。
49,4,仁,金,理智充足，重情失败，中年劳，晚年吉祥。
50,4,升,金,智勇双全，一生清雅荣贵，幼年多灾，中年成功隆昌。
51,4,什,金,事劳无功，忧心劳神，中年多灾，晚年劳神。
52,4,氏,金,忍耐勤俭，应付自如，清雅伶俐，中年劳，晚年吉祥。
53,4,手,金,性格复杂，多愁少乐，中年多灾，忌车怕水，晚年吉祥。
54,4,四,金,幼年辛苦，义利分明，中年奔波隆昌，小心灾厄，忌车怕水。
55,4,心,金,孤独，克父，一生安稳享福，有爱情厄，子孙兴旺。
56,4,爪,金,忧心劳神，一生多灾，有爱情烦恼，晚年吉祥，忌车怕水。
57,4,卞,木,有才能但无好运，潦倒一生。
58,4,公,木,声名显赫，富贵增荣，一生享福，但常人难受。
59,4,介,木,刑克父母，兄弟无缘，中年劳，晚年成功隆昌，二子吉祥。
60,4,今,木,一生清雅荣贵，中年成功隆昌，多才巧智，晚年劳神。
61,4,斤,木,清秀巧智，一生清雅荣贵，女人助夫，环境良好。
62,4,亢,木,奔波劳苦，忧心劳神，一生困苦，病弱短寿。
63,4,孔,木,忧心劳神，怀才不遇，中年劳苦，晚年吉庆。
64,4,牛,木,清雅荣贵，一生平凡，子孙兴旺，中年成功隆昌，精诚之字。
65,4,欠,木,潦倒困苦，刑偶之字，中年劳，晚年享福。
66,4,犬,木,任性或怪性，性刚消极，中年劳，晚年隆昌。
67,4,牙,木,秀气巧妙，多才巧智，中年成功隆昌，晚年劳神，平凡之字。
68,4,元,木,环境良好，克己助人，福寿兴家，妻贤子贵，荣华之字。
69,4,月,木,刑偶欠子，身弱多灾，晚婚大吉，中年劳神，晚年隆昌，平凡之字。
70,4,匀,木,聪明伶俐，清雅荣贵，中年成功隆昌，晚年昌盛，二子吉祥。
71,4,巴,水,幼年多灾，中年劳苦，晚年隆昌，欠子之字，一生平凡。
72,4,比,水,英俊才人，多才巧智，中年虽困苦，成功隆昌，晚年子孙兴旺。
73,4,不,水,清雅伶俐，出外逢贵，中年多灾，二子吉祥，女人刑偶伤子，薄幸之字。
74,4,歹,水,不祥之字，多灾难，难得幸福，一生困苦，晚年有福。
75,4,反,水,奔波劳苦，浮沉不定，常有祸端，短寿之字，杀人或被杀。
76,4,方,水,一生安稳，聪明伶俐，中年有灾，晚年幸福。
77,4,分,水,刑偶伤子，多才巧智，出外大吉，中年成功隆昌，晚年不吉。
78,4,夫,水,天生聪颖，英敏多才，中年奔波，一生清雅荣贵。
79,4,父,水,多刑克，病弱短寿，忌车怕水，一生难得成功。
80,4,互,水,温和伶俐，清雅聪秀，中年隆昌，为人忠厚，欠子之字。
81,4,户,水,清雅伶俐，荣贵隆昌，中年有灾，晚年隆昌。
82,4,化,水,技术能成功，有才无运，多劳少乐，中年吉祥，晚年劳神。
83,4,幻,水,有爱情烦恼，怀才不遇，中年多灾，晚年吉祥。
84,4,毛,水,一生清雅平凡，多才巧智，荣贵之格，中年多灾，晚年吉祥。
85,4,匹,水,性刚果断，义利分明，中年有灾，老年吉祥，但劳神。
86,4,片,水,刑偶伤子，忧心劳神，一生困苦多灾，晚年享福。
87,4,壬,水,一表人才，官格之命，刑妻伤子，中年多劳，晚年吉庆，荣贵之字。
88,4,水,水,一生平凡，有才能理智，晚婚大吉，刑偶欠子，晚年隆昌。
89,4,文,水,英俊多才，清雅荣贵，中年吉祥隆昌，忌车怕水。
90,4,勿,水,暗淡无光，消极冷寒，难得幸福，多灾难，病弱短寿。
91,4,尺,火,一生清雅伶俐，多才巧智，中年多灾，晚年吉祥。
92,4,丑,火,一生清雅平凡，双妻之格，中年吉庆，晚年劳神，多灾之字。
93,4,丹,火,性刚果断，父母无缘，一生平凡，中年劳，晚年吉祥。
94,4,吊,火,不祥之字，身弱短寿，病苦一生，忌车怕水，多灾难。
95,4,斗,火,理智充足，出外大吉，中年劳，晚年成功隆昌。
96,4,火,火,性刚果断，中年有灾难，病凶恶煞，晚年隆昌。
97,4,井,火,勤俭励业，义利分明，中年多劳，晚年幸福。
98,4,内,火,温和贤淑，贵人明现，环境良好，中年成功隆昌。
99,4,日,火,刑克父母，刑偶欠子，理智充足，智勇双全，成功隆昌。
100,4,太,火,刑克父母，孤独，清雅伶俐，中年成功隆昌，欠子之字。
101,4,天,火,刑克父母，刑偶欠子，双妻之格，出外大吉，晚年吉祥。
102,4,屯,火,多刑克，晚婚大吉，中年多灾，晚年吉祥，享福之字。
103,4,午,火,食禄齐美，环境良好，中年奔波，晚年吉庆。
104,4,支,火,贵人明现，有才能理智，但中年劳苦，晚年隆昌。
105,4,止,火,忧心劳神，事劳无功，身弱多灾，中年劳，晚年吉祥。
106,4,中,火,幼年多灾，出外逢贵，精明公正，福寿兴家，晚年劳神。
107,4,厄,土,不吉之字，多灾难，难得幸福，潦倒一生。
108,4,切,土,英俊佳人，双妻之格，中年奔波但隆昌，晚年劳神。
109,4,王,土,一生清雅荣华，刑偶伤子，双妻之格，中年奔波，成功隆昌。
110,4,尹,土,一生清雅伶俐，多才多艺，智勇双全，荣幸之字。
111,4,引,土,性刚果断，侠义心肠，有成人之美德，中年成功隆昌，晚年劳神。
112,4,尤,土,一生清雅伶俐，刑偶伤子，中年劳，晚年隆昌，忌车之字。
113,4,友,土,多情重义，理智充足，中年奔波，成功隆昌。
114,4,予,土,有爱情烦恼，一生多灾，中年多劳，晚福之字。
115,4,曰,土,一生清雅，中年劳，晚年吉祥，环境良好，女人刑夫靠子之字。
116,4,允,土,六亲无缘，出外逢贵得财，天生聪颖，自力更生，白手成家。
117,5,册,金,良善积德，环境良好，特有人缘，中年成功隆昌。
118,5,出,金,性刚果断，少年艰难，中年多灾，晚年吉祥，忌车怕水。
119,5,刊,金,刑偶伤子，损丁多灾，中年劳，晚年幸福，女人多灾，再嫁之字。
120,5,尻,金,出外大吉，多刑克，中年开运，晚年吉祥。
121,5,仟,金,清雅荣贵，环境良好，中年成功隆昌，晚年子孙兴旺。
122,5,且,金,义利分明，一生清雅伶俐，名利双收，二子吉祥。
123,5,申,金,一生清雅荣贵，多才巧智，中年成功隆昌，欠子之字。
124,5,生,金,智勇双全，出外逢贵得财，中年成功隆昌，荣贵之字。
125,5,失,金,忧心劳神，沉浮不定，刑妻伤子，一生难得幸福，多疾病。
126,5,石,金,刑偶伤子，命硬，中年奔波，晚年隆昌，双妻之格。
127,5,史,金,一生福禄有余，中年多厄，晚年隆昌，吉祥之字。
128,5,矢,金,性刚果断，事劳无功，多刑克，子孙兴旺。
129,5,世,金,操守廉正，福禄双收，中年勤俭建业，晚年隆昌。
130,5,仕,金,义利分明，多才巧智，中年成功隆昌，晚年劳神，多疾之字。
131,5,市,金,幼年辛苦，少年艰难，晚年隆昌，女人薄幸。
132,5,示,金,理智充足，天生聪明，一生清雅荣贵，环境良好，双妻之格，中年成功隆昌。
133,5,司,金,妻贤子贵，天赐福禄，一生清雅荣贵，成功隆昌。
134,5,仙,金,环境良好，清雅伶俐，温和豪爽，中年成功，双妻之格，幸福之字。
135,5,占,金,幼年多灾，忌火，有才能理智，食禄齐美，成功隆昌。
136,5,正,金,才智卓越，精明公正，官运或财运旺，刑偶伤子。
137,5,主,金,兄弟无靠，一生清雅多智，环境良好，中年劳，晚年隆昌。
138,5,本,木,温和贤淑，环境良好，一生平凡，中年多灾，晚年吉庆。
139,5,甘,木,一生多巧智，中年多灾，晚年隆昌，名利双收，豪爽之字。
140,5,功,木,父母无缘，孤独奔波，一生清雅荣贵，多才巧智，晚年劳神。
141,5,古,木,温和贤淑，食禄双全，中年奔波，晚年吉祥。
142,5,瓜,木,忧心劳神，孤独格，中年多灾，晚年吉祥。
143,5,卉,木,忧心劳神，损丁破财，潦倒一生，忌车怕水。
144,5,加,木,技术界大吉，出外逢贵，中年奔波，晚年隆昌，幸福之字。
145,5,甲,木,一生清雅伶俐，温和贤淑，中年成功隆昌，环境良好。
146,5,句,木,衣食丰足，肯做肯劳，重信用，中年劳，晚年隆昌。
147,5,巨,木,怀才不遇，忧心劳神，外观幸福，内心多愁，晚年享福。
148,5,可,木,福禄双收，天生聪颖，离祖成功，双妻之格，晚年隆昌。
149,5,卯,木,刑偶或欠子，清雅温和，重情重义，中年多灾，晚年隆昌。
150,5,巧,木,少年艰难，忌车怕水，中年劳，晚年吉庆。
151,5,丘,木,智勇双全，环境良好，中年成功隆昌，晚年劳神。
152,5,去,木,消极不吉，一生清雅多灾厄，中年小心，晚年吉祥。
153,5,外,木,刑偶伤子，双妻之格，出外逢贵得财，中年劳，晚年吉祥。
154,5,五,木,多才巧智，天生聪颖，中年成功隆昌，安享荣贵，晚年劳神。
155,5,玉,木,智勇双全，刑偶伤子，名利双收，荣贵隆昌，女人病弱，有爱情厄，欠子之字。
156,5,札,木,英敏佳人，一生清雅荣贵，中年成功隆昌，双妻之格。
157,5,半,水,多愁善感，不惹是非，中年劳，晚年幸福，女人半夫半财。
158,5,白,水,清秀伶俐，智勇双全，中年成功，有爱情厄，晚年吉庆。
159,5,包,水,一生清雅伶俐，谋为出众，中年成功隆昌，晚年劳神。
160,5,北,水,环境良好，一生清雅荣贵，中年成功隆昌，晚年劳神。
161,5,必,水,身弱奔波，出外吉庆，刑偶伤子，晚婚隆昌，晚年吉庆，事业如意。
162,5,弁,水,有才能谋略，难成功，重情失败，晚年享福。
163,5,布,水,温和慈祥，但多灾难，忌车怕水，中年劳，晚年吉祥。
164,5,匆,水,忧心劳神，一生多灾，身弱多病，难得幸福，多灾难。
165,5,兄,水,口快心直，奔波劳苦，保守平凡，中年吉祥。
166,5,弗,水,多刑克，幼年辛苦，中年有成就，有牢狱之灾。
167,5,付,水,虽然隆昌，一生暗淡，或身体不利，欠子之字，中年劳，晚年幸福。
168,5,夯,水,幼年辛苦，忌车怕水，中年奔波，晚年吉祥。
169,5,禾,水,出国之格，一生衣禄丰厚，清雅英俊，中年成功隆昌。
170,5,弘,水,口快心直，一生清雅，忌车怕水，中年多灾，晚年隆昌。
171,5,矛,水,性刚果断，一生多灾，中年劳，晚年吉祥。
172,5,民,水,英俊佳人，上下敦睦，一生官或财旺，刑偶伤子。
173,5,皿,水,刑偶伤子，一生清雅多才，中年薄幸，晚年吉祥。
174,5,末,水,多忧少乐，潦倒一生，中年多灾，晚年吉祥，忌车怕水。
175,5,母,水,刑克父母，幼年辛苦，中年成功隆昌，晚年忧心劳神。
176,5,目,水,忧心劳神，浮沉不定，中年多灾，晚年吉庆，虽成功亦劳神。
177,5,丕,水,清雅伶俐，温和诚实，迟婚大吉，一生清闲幸福。
178,5,皮,水,奔波劳苦，事劳无功，一生多灾难，幸福之字。
179,5,平,水,教育界大吉，一生安稳守己，克己助人，温和贤淑。
180,5,玄,水,性格复杂，中年离乱，晚年吉祥，子孙繁荣，官运旺。
181,5,穴,水,安稳守己，环境良好，有才能理智，成功隆昌，二子吉祥。
182,5,疋,水,身闲心苦，事劳无功，刑偶伤子，有爱情厄，晚福之字。
183,5,印,水,一生清雅荣贵，幼年辛苦，中年成功隆昌，晚年劳神。
184,5,丙,火,英俊佳人，环境良好，官格之字，中年成功隆昌。
185,5,代,火,清秀伶俐，小巧多才，晚婚大吉，出外逢贵，上下敦睦，温和之字。
186,5,旦,火,贵人明现，子孙兴旺，多才巧智，环境良好之字。
187,5,叮,火,潦倒一生，忧心劳神，口是心非，苦不离身，晚年享福。
188,5,冬,火,暗淡无光，命运多舛，中年多灾，晚年有福。
189,5,立,火,病弱短寿，少年艰难，中年隆昌，二子吉祥，忌车祸之字。
190,5,令,火,英雄豪爽，上下敦睦，中年奔波，成功隆昌，温和之字。
191,5,另,火,出外逢贵得财，克母命，福禄双收，中年奔波，晚年成功。
192,5,尼,火,暗淡无光，事难如愿，中年忧心劳神，晚年吉祥。
193,5,奴,火,多愁多忧，百事苦劳，身闲心苦，潦倒一生，晚年吉祥。
194,5,冉,火,清雅伶俐，多才巧智，义利分明，中年有病厄，一生安稳。
195,5,他,火,出外逢贵得财，温和多才，忌车怕水，晚年隆昌。
196,5,田,火,福寿兴家，才能理智兼备，中年劳，晚年隆昌，环境良好。
197,5,召,火,带刀厄，多刑克，刑偶欠子，中年成功隆昌，离祖成功。
198,5,只,火,忧心劳神，二子吉祥，中年多灾，晚年吉祥。
199,5,左,火,理智充足，胆识豪杰，一生清雅荣贵，温和隆昌，忌车怕水。
200,5,瓦,土,身犯破，忧心劳神，中年劳，身弱短寿，晚年隆昌。
201,5,戊,土,性刚果断，一生清雅多才，中年有爱情厄，晚年吉庆。
202,5,央,土,一生清雅伶俐，多才巧智，中年有爱情厄，晚年隆昌。
203,5,以,土,聪明伶俐，一生清雅享福，中年成功隆昌，欠子之字。
204,5,永,土,克父命，出外逢贵得财，中年奔波，晚年隆昌，荣幸之字。
205,5,用,土,忧心劳神，温和机警，奔波后成功隆昌，子孙兴旺。
206,5,由,土,英雄豪爽，清雅多才，双妻之格，中年劳，晚年隆昌。
207,5,右,土,学识丰富，克己助人，中年成功隆昌，官格之命，操守廉正。
208,5,幼,土,多灾厄，难关重重，一生难得幸福，有不幸之灾，晚年吉祥。
209,5,仔,土,忧心劳神，一生难如愿，中年多灾，晚年吉祥。
210,6,臣,金,清雅伶俐，多才巧智，精明公正，义利分明，中年多灾，晚年隆昌。
211,6,丞,金,理智充足，胆识丰富，一生清雅伶俐，成功荣贵，欠子之字。
212,6,此,金,奔波劳苦，难忘如愿，命途多舛，潦倒一生，晚福之字。
213,6,次,金,身瘦或体弱，出外大吉，技术成功，多才温和。
214,6,存,金,天生聪明，义利分明，子孙兴旺，中年劳，晚年隆昌。
215,6,而,金,出国之字，秀气英敏，中年成功隆昌，多才伶俐，荣贵之字。
216,6,吏,金,有才能理智，难遇知己，中年劳苦，晚年安详。
217,6,列,金,性刚果断，幼年辛苦，中年多劳，出外大吉，晚年隆昌。
218,6,任,金,环境良好，官格之字，学识渊博，中年成功隆昌。
219,6,如,金,理智充足，多才温和，有爱情烦恼，中年多灾，秀气短寿。
220,6,色,金,忧心劳神，少年艰难，中年多灾，晚年享福。
221,6,舌,金,一生多劳受苦，身弱多病，中年多灾，晚年隆昌。
222,6,式,金,有才能理智，中年多灾或潦倒，晚年荣幸。
223,6,守,金,刑偶伤子，精明公正，中年隆昌，女人薄幸，疾病多灾。
224,6,死,金,不祥之字，暗淡无光，多灾难，难得幸福，恶死凶亡之字。
225,6,寺,金,刑偶伤子，事劳无功，中年清雅荣贵，晚年吉祥。
226,6,夙,金,出国之格，天生聪颖，多才巧智，有爱情厄，中年成功隆昌。
227,6,西,金,事劳无功，忧心劳神，中年隆昌，中年小心，晚年隆昌。
228,6,先,金,出外逢贵得财，刑偶伤子，中年劳，晚年吉庆。
229,6,旬,金,晚婚迟得子大吉，身弱清秀，多才贤能，晚年隆昌，欠子之字。
230,6,曳,金,性刚果断，一生难如愿，潦倒一生，晚年吉祥，享福之字。
231,6,再,金,多才巧智，贵人明现，中年成功隆昌，女人薄幸。
232,6,在,金,奔波劳苦，性刚果断，中年多灾，福禄双收，晚年隆昌。
233,6,早,金,环境良好，一生清雅秀气，二子吉祥，中年吉庆，晚年忧心劳神。
234,6,州,金,克父命，克偶伤子，中年多灾，晚年吉庆。
235,6,舟,金,沉浮不定，是非参半，晚婚大吉，中年多灾，吉祥之字。
236,6,字,金,有爱情烦恼，安稳守己，中年有灾难，晚年吉庆。
237,6,各,木,性刚果断，口快心直，中年劳苦，晚年吉祥。
238,6,共,木,环境良好，一生清雅荣贵，二子吉祥，中年成功隆昌。
239,6,吉,木,不吉之字，忧心劳神，有牢狱之灾，有爱情厄，晚年吉祥。
240,6,伎,木,忧心劳神，病弱短寿，一生劳苦，多灾难。
241,6,件,木,忧心劳神，一生难得幸福，命运多舛，劳苦多灾。
242,6,交,木,多刑克，身弱多病，性刚多灾，中年劳，难得成功。
243,6,伉,木,多愁多忧，百事苦劳，中年多灾，晚年隆昌。
244,6,考,木,一生清雅平凡，出外吉祥，中年劳苦，晚年成功隆昌。
245,6,匡,木,刑克父母，幼年辛苦，中年成功隆昌，晚年忧心劳神。
246,6,企,木,环境良好，坚实温和，中年成功隆昌，清雅荣贵。
247,6,曲,木,理智充足，多才温和，有爱情厄，中年奔波劳苦，晚年吉祥。
248,6,戎,木,多愁善感，性刚果断，一生多灾，晚年虽吉亦劳神。
249,6,朽,木,有才能理智，中年多灾，晚年安详。
250,6,旭,木,幼年辛苦，出外吉庆，中年奔波，成功隆昌，子孙兴旺。
251,6,仰,木,聪明伶俐，多才巧智，交际巧妙，中年成功隆昌，晚年子孙繁荣。
252,6,朱,木,清雅伶俐，天生聪颖，多才巧智，中年隆昌，有爱情厄，晚年吉庆。
253,6,竹,木,一生清雅伶俐，多才巧智，中年隆昌，晚年子孙旺盛。
254,6,百,水,理智充足，食禄齐美，一生多才巧智，成功隆昌，环境良好。
255,6,冰,水,忧心劳神，事劳无功，中年有灾，晚年吉祥。
256,6,并,水,多才多能，义利分明，克己助人，中年成功隆昌，二子吉祥。
257,6,伐,水,百事劳苦，一生清雅平凡，刑偶伤子，有子亦不肖，晚年吉庆。
258,6,刑,水,多刑克，忧心劳神，事劳无功，一生多灾难，难得幸福。
259,6,行,水,温和贤淑，清雅伶俐，中年多病，晚年隆昌。
260,6,凶,水,不祥之字，暗淡无光，杀人被杀，有牢狱之灾，难得幸福。
261,6,休,水,忧心劳神，身弱多病，中年潦倒，难得成功，晚年享福。
262,6,帆,水,有爱情厄或刑偶伤子，中年劳或奔波，晚年隆昌，英俊之字。
263,6,仿,水,贵人明现，一生清雅伶俐，中年劳苦多灾，晚年安宁幸福。
264,6,妃,水,清雅贵气，理智充足，一生清闲享福，晚年劳神。
265,6,伏,水,英雄气概，一生性刚有美德，中年多灾，晚年隆昌。
266,6,亥,水,清雅伶俐，出外逢贵得财，中年劳，晚年隆昌，环境良好。
267,6,好,水,秀气伶俐，上下敦睦，有才能理智，温和贤淑，一生幸福之字。
268,6,合,水,环境良好，一生清雅温和，中年励业，晚年成功隆昌。
269,6,回,水,环境良好，性格朴素，有美德，中年成功隆昌，晚年身弱。
270,6,米,水,天生聪颖，多才巧智，出外大吉，中年平凡，晚年隆昌。
271,6,名,水,出外逢贵得财，中年奔波劳苦，但名利双收，晚年吉祥。
272,6,牟,水,聪明伶俐，多才巧智，但怀才不遇，多灾难，晚年吉祥。
273,6,牝,水,性刚果断，自我心强，有牢狱之灾，中年多灾，晚年吉祥。
274,6,收,水,忧心劳神，一生劳苦，潦倒多灾，女人再嫁、守寡。
275,6,汀,水,身弱多病，多忧少乐，中年劳，晚年吉祥。
276,6,向,水,衣厚食丰，清雅平凡，中年忧心劳神，晚年吉庆。
277,6,血,水,一生清雅伶俐，刑偶伤子，中年有爱情厄，晚年安稳。
278,6,弛,火,侠义心强，慷慨豪爽，中年多劳，晚年吉祥。
279,6,打,火,事劳无功，怀才不遇，中年辛苦中得甘，子孙兴旺。
280,6,多,火,克服万难后方能成功，多才贤能，重情失败，晚年隆昌。
281,6,耳,火,一生清雅伶俐，幼年辛苦，刑偶伤子，中年多灾，晚年享福。
282,6,亘,火,出国之字，智勇双全，义利分明，中年成功隆昌。
283,6,光,火,一生清雅荣贵，晚婚大吉，出外逢贵得财，中年平凡，晚年吉庆。
284,6,尖,火,刑偶伤子，多刑克，吉凶参半，中年多灾，晚年隆昌。
285,6,匠,火,刑克父母，少年艰难，中年多劳，多才巧智，晚年成功隆昌。
286,6,决,火,清秀巧妙，多才伶俐，中年吉祥，晚年劳神，多灾厄。
287,6,老,火,一生清雅平凡，中年多劳，晚年吉祥隆昌。
288,6,劣,火,不祥之字，孤独劳苦，多刑克，中年多灾，晚年享福。
289,6,六,火,性刚果断，贵人明现，中年奔波劳苦，晚年隆昌，荣幸之字。
290,6,年,火,刑克父母，一生多才多能，中年劳，晚年成功隆昌。
291,6,全,火,多才巧智，清雅荣贵，中年劳，成功隆昌，名利双收之字。
292,6,肉,火,一生清雅平安，清闲伶俐，中年虽劳，晚年吉祥隆昌。
293,6,同,火,刑偶欠子，清雅多才，温和贤能，中年劳，晚年隆昌。
294,6,宅,火,出外吉祥，一生多才贤能，子孙旺盛，中年成功，晚年吉庆。
295,6,兆,火,出国之字，清雅荣贵，天生聪颖，中年成功隆昌，名利双收。
296,6,旨,火,晚婚迟得子大吉，一生清雅伶俐，中年多劳，晚年吉祥。
297,6,至,火,英雄慷慨，性刚多灾，中年劳，晚年吉祥。
298,6,仲,火,刑偶伤子，性刚灵活机敏，中年有灾难，晚年吉祥，双妻之格。
299,6,自,火,有爱情厄，少年艰难，中年劳苦，疾病短寿，晚年吉庆。
300,6,安,土,安详平凡，一生清雅，口快性刚，克父命，子孙兴旺，幸福之字。
301,6,充,土,奔波劳苦，一生温和贤能，出外大吉，中年成功隆昌。
302,6,地,土,一生清雅，刑偶欠子，刑克父母，中年隆昌但有病灾或劫财，晚年吉庆。
303,6,艮,土,性刚，出外大吉，一生清雅，中年劳，晚年吉祥。
304,6,圭,土,天性聪明，多才巧智，义利分明，刑偶伤子，中年劳，晚年成功。
305,6,灰,土,口快心直，性刚果断，中年多灾，晚年吉祥。
306,6,似,土,有才有能，清雅荣贵，中年成功隆昌，出国之字。
307,6,伍,土,英俊佳人，理智充足，勤俭励业，名利双收，荣幸之字。
308,6,戌,土,英俊灵活，多才巧智，幼年辛苦，中年隆昌，欠子之字。
309,6,羊,土,一生清雅温和，晚婚迟得子大吉，中年奔波，晚年吉祥。
310,6,伊,土,一生清雅荣贵，理智充足，中年成功隆昌，上下敦睦。
311,6,衣,土,出外吉祥，忧心劳神，中年多灾，晚年吉祥。
312,6,夷,土,性刚果断，口快心直，有牢狱之灾，晚年享福。
313,6,亦,土,出国之格，出外逢贵得财，中年成功隆昌，秀气荣贵。
314,6,因,土,多劳受苦，忧心劳神，性刚有牢狱之灾，晚福之字。
315,6,有,土,半财之格，一生清雅伶俐，性刚果断，中年劳苦，晚年隆昌。
316,6,宇,土,一生清雅平凡，中年奔波劳苦，理智充足，晚年吉祥，忌车怕水。
317,6,羽,土,秀气伶俐，一生温和贤淑，中年成功隆昌，名利之字。
318,6,圳,土,性刚口快，中年多灾，忌车怕水，晚年吉祥。
319,7,车,金,口快心直，性刚果断，中年奔波劳苦，晚年吉祥。
320,7,成,金,清秀多才，出外或出国大吉，晚婚隆昌，中年成功。
321,7,赤,金,口快心直，性刚，出外吉利，晚婚吉，中年隆昌，晚年劳神。
322,7,串,金,多愁多忧，事劳无功，身弱多病，中年多灾，晚福之字。
323,7,吹,金,忧心劳神，奔波劳苦，中年多灾，晚年享福。
324,7,兑,金,福禄双收，清雅荣贵，二子吉祥，贵人明现，晚年吉庆。
325,7,束,金,刑偶伤子，二子吉祥，中年吉庆幸福，晚年劳神。
326,7,判,金,忧心劳神，百事苦劳，中年多灾，晚年吉祥。
327,7,七,金,忧心劳神，困苦一生，刑偶伤子，病弱短寿，晚年享福。
328,7,忍,金,有爱情烦恼，忧心劳神，身弱多厄，中年吉祥，晚年多灾。
329,7,妊,金,良善积德，温和贤淑，名利双收，成功隆昌，名利之字。
330,7,伸,金,智勇双全，名利双收，中年劳，多灾难，晚年吉昌。
331,7,身,金,性刚果断，忧心劳神，病弱短寿，中年劳，晚年吉祥。
332,7,私,金,刑偶伤子，忧心劳神，忍耐力强，身闲心劳，晚年吉庆。
333,7,伺,金,理智充足，清雅伶俐，贵人明现，刑偶伤子，荣贵之字。
334,7,宋,金,一生清雅，智勇双全，中年奔波，晚年隆昌。
335,7,忒,金,多才巧智，温和贤能，中年多灾，晚年隆昌，荣幸之字。
336,7,辛,金,多才巧智，清雅荣贵，中年成功隆昌，出国之字。
337,7,秀,金,有爱情烦恼，秀气巧妙，吉凶分明，荣幸之字。
338,7,序,金,温和贤淑，清雅秀气，福禄双收，中年多灾，环境良好，出国之字。
339,7,巡,金,奔波劳苦，身闲心苦，中年成功隆昌，晚年兴旺。
340,7,酉,金,病弱短寿，晚婚迟得子大吉，中年多灾，晚年隆昌。
341,7,助,金,清雅荣贵，双妻之格，中年成功隆昌，晚年多忧。
342,7,妆,金,清雅伶俐，多才贤能，中年吉祥，晚年隆昌，环境良好。
343,7,壮,金,双妻之格，刑偶伤子，晚婚吉利，中年成功隆昌，晚年劳神，忌车怕水。
344,7,孜,金,秀气多才，出国之格，有爱情烦恼，中年成功隆昌。
345,7,走,金,奔波劳苦，清雅伶俐，中年劳，晚年吉昌，双妻之格。
346,7,佐,金,学识丰富，智勇双全，清雅荣贵，一生享福，温和长寿。
347,7,作,金,忧心劳神，刑偶欠子，中年隆昌，晚年劳神，一生劳苦。
348,7,坐,金,刑克父母，精诚和睦，中年多灾，晚年吉祥。
349,7,材,木,智勇双全，刑偶欠子，清雅荣贵，官运旺，环境良好。
350,7,岑,木,福禄双收，多刑克，晚婚吉，中年劳，晚年昌盛。
351,7,村,木,忧心劳神，奔波劳苦，中年吉祥多病，晚年劳神多厄。
352,7,杏,木,有爱情烦恼，刑偶伤子，中年平凡，晚年劳神，但安详之字。
353,7,改,木,出外逢贵得财，清雅多才，中年艰苦，晚年隆昌。
354,7,杆,木,性刚果断，忌车怕水，中年多灾，晚年隆昌。
355,7,告,木,英俊多才，名利有份，中年奔波，晚年隆昌。
356,7,更,木,一生聪明伶俐，离祖成功，晚婚迟得子大吉，福禄双收，成功吉昌，欠子之字。
357,7,攻,木,奔波劳苦，百事苦劳，一生多灾，病弱短寿。
358,7,估,木,温和伶俐，多才巧智，中年多灾，晚年吉祥，荣幸之字。
359,7,谷,木,二子吉祥，清雅荣贵，福禄双收，中年多灾，环境良好，出国之字。
360,7,旱,木,不祥之字，忌车怕水，中年奔波，晚年吉祥。
361,7,何,木,福禄双收，但忧心劳神，中年多灾，身弱多病，晚年吉祥。
362,7,妓,木,快乐一生，内心多忧，中年吉祥，晚年劳神。
363,7,忌,木,重情失败，忧心劳神，身弱多病，晚年享福。
364,7,见,木,出外逢贵得财，性刚欠仁和，中年劳，晚年大吉，刑克父母。
365,7,角,木,性刚果断，常有祸端，有牢狱之灾，晚年享福。
366,7,劫,木,带刀多刑，一生多灾厄，一贫如洗，难得幸福，终生不幸。
367,7,妗,木,温和贤淑，勤俭守己，福寿兴家，中年劳神，晚年隆昌。
368,7,究,木,理智充足，义利分明，中年隆昌，晚年吉庆享福。
369,7,局,木,外观幸福，内心多忧，中年多灾，晚年吉祥，忌车厄之字。
370,7,君,木,有爱情烦恼，一生清雅，多才巧智，秀气伶俐，中年有灾，晚年吉庆。
371,7,克,木,多刑克，命硬，刑偶伤子，有官运，一生平凡。
372,7,困,木,忧心劳神，损丁破财，中年吉祥，晚年劳神，困苦之字。
373,7,弃,木,忧心劳神，事劳无功，中年多灾，一生难得幸福。
374,7,却,木,刑偶伤子，天生聪明，多才伶俐，成功荣贵，女人多灾。
375,7,杉,木,口快心直，多才巧智，杀人或被杀，有牢狱之灾。
376,7,我,木,奔波劳苦，忧心劳神，多才巧智，刑偶伤子，晚年吉祥。
377,7,吴,木,一生清雅多才，中年多灾，晚年吉祥。
378,7,吾,木,智勇双全，义利分明，重情失败，中年多劳，晚年吉庆。
379,7,言,木,重情重义，温和聪颖，中年成功隆昌，晚年倍加昌盛。
380,7,吟,木,温和贤淑，勤俭励业，福禄双收，成功隆昌，忠厚善良，名利裕如。
381,7,杖,木,志气高，抱负大，欠仁和，中年隆昌，家庭不和，晚年劳神。
382,7,伴,水,精神失常，性刚口快，中年多灾，一生难得幸福，抱恨九泉。
383,7,贝,水,出外吉庆，多才巧智，中年隆昌，二子吉祥。
384,7,妣,水,义利分明，秀气巧妙，勤俭起家，中年隆昌，荣华之字。
385,7,别,水,刑偶伤子，晚婚吉，清雅伶俐，中年有离乱之灾，晚年安详。
386,7,兵,水,二子吉祥，内心多忧，中年多灾，晚年吉祥。
387,7,伯,水,多才巧智，义利分明，克己助人，英俊佳人，一生幸福。
388,7,步,水,福禄双收，克父命，中年成功隆昌，二子吉祥，晚年劳神，身弱之字。
389,7,池,水,事业隆昌，环境良好，离祖成功，中年平凡，晚年吉庆。
390,7,呆,水,精神失常，忧心劳神，晚婚吉，中年劳，晚年享福。
391,7,形,水,清雅伶俐，多刑克父母，中年劳，晚年隆昌。
392,7,妨,水,秀气巧妙，清雅伶俐，中年吉祥，晚年劳神。
393,7,佛,水,温和慈祥，清雅荣贵，中年成功隆昌，晚年劳神。
394,7,否,水,忧心劳神，事劳无功，中年多灾，晚年吉祥。
395,7,孚,水,精明公正，智勇双全，福寿兴家，中年成功隆昌，欠子之字。
396,7,甫,水,多才巧智，清雅伶俐，中年难成功，多灾难，晚年吉祥。
397,7,含,水,福禄双收，名利裕如，多才巧智，中年成功隆昌。
398,7,罕,水,一生多灾厄，刑偶伤子，忧心劳神，命运多舛。
399,7,汗,水,幼年辛苦，清雅伶俐，双妻之格，中年有灾难，晚年吉祥。
400,7,亨,水,多才伶俐，晚婚吉，中年虽劳，成功隆昌，幸福清闲。
401,7,宏,水,一生清雅，晚婚迟得子大吉，多才巧智，中年不利，晚年吉昌。
402,7,即,水,性刚果断，口快心直，中年多劳，晚年吉祥。
403,7,江,水,清雅多才，中年劳苦，晚年吉祥，女人性刚，忌车怕水，中年多灾。
404,7,戒,水,忧心劳神，事劳无功，杀人被杀，恶死凶亡之字。
405,7,况,水,奔波劳苦，病弱短寿，中年多灾，晚年享福。
406,7,冷,水,不祥之字，暗淡无光，命途多舛，中年劳，晚年隆昌。
407,7,忙,水,病弱短寿，损丁破财，灾难不离身，一生多劫煞。
408,7,尨,水,英雄豪爽，有牢狱之灾，中年多灾，晚年吉祥。
409,7,每,水,身弱多病，事劳无功，中年勤俭励业，成功隆昌。
410,7,妙,水,幼年辛苦，少年艰难，中年成功隆昌，女人中年劳，晚年吉祥。
411,7,汝,水,出国之格，清雅秀丽，温和伶俐，中年成功隆昌，荣贵之字。
412,7,忘,水,忧心劳神，损丁破财，终生不幸，不能完寿。
413,7,尾,水,忧心劳神，刑偶伤子，薄幸多灾，中年小心，不幸之字。
414,7,希,水,虽清雅荣贵，多才巧智，但运徒不通，中年有灾，晚婚吉，晚年吉庆。
415,7,孝,水,多才巧智，一生清雅荣贵，中年有灾，晚年吉庆。
416,7,汛,水,出国之字，英俊秀气，温和贤淑，中年成功隆昌，有爱情厄。
417,7,妤,水,秀气巧妙，清雅伶俐，福禄双收，荣贵隆昌，欠子之字。
418,7,呈,火,学识渊博，清雅荣贵，官或财旺，但常人难受。
419,7,但,火,义利分明，多才有能，中年劳或奔波，晚年吉昌。
420,7,低,火,为人机敏，克己助人，中年有灾，晚年隆昌，荣幸之字。
421,7,弟,火,英俊秀气，出外吉庆，中年劳，晚年隆昌。
422,7,佃,火,福禄双收，环境良好，温和贤淑，中年成功隆昌，荣贵之字。
423,7,甸,火,晚婚迟得子大吉，小心爱情厄，中年成功隆昌，出国之字。
424,7,豆,火,二子吉祥，多才伶俐，清雅荣贵，白手成家，晚年隆昌荣贵。
425,7,伶,火,清雅秀气，多才温和，幼年多灾，中年成功隆昌，荣贵之字。
426,7,免,火,刑偶欠子，出外吉祥，中年有灾，晚年吉祥，不幸之字。
427,7,灸,火,性刚果断，病弱短寿，中年劳，有牢狱之灾，晚年吉祥。
428,7,牢,火,安稳守己，勤俭励业，中年成功，家声克振，幸福之字。
429,7,李,火,一生清雅多才，贵人明现，重情失败，中年劳，晚年隆昌。
430,7,里,火,清秀多才，理智充足，中年成功隆昌，秀气发福。
431,7,利,火,刑偶伤子，少年艰难，中年劳，但成功隆昌，名利之字。
432,7,良,火,口快多才，清雅荣贵，出外大吉，中年平，晚年隆昌。女人刑夫伤子。
433,7,吕,火,一生清雅，上下敦睦，衣厚食丰，一生清闲享福。
434,7,卵,火,二子吉祥，清雅伶俐，肯做肯劳，勤俭持家，晚年享福。
435,7,男,火,晚婚迟得子大吉，英俊佳人，中年平凡，晚年吉庆，幸福之字。
436,7,弄,火,多才巧智，有爱情厄，中年多灾，晚年吉祥。
437,7,努,火,多刑克，性刚果断，忌车怕水，中年多灾，难得幸福。
438,7,求,火,一贫如洗，孤苦一生，难得幸福，多灾厄。
439,7,町,火,清秀多才，温和伶俐，中年隆昌幸福，晚年多忧。
440,7,佟,火,不祥劳苦之字，暗淡无光，一生多劳苦，子孙兴旺。
441,7,彤,火,多才巧智，心直口快，清雅荣贵，中年平，晚年大吉。
442,7,吞,火,口快心直，欠仁和，有饶舌之灾，中年多难，晚年吉祥。
443,7,托,火,义利分明，清雅多才，中年劳或奔波，晚年吉祥隆昌。
444,7,妥,火,清秀伶俐，多才温和，秀气巧妙，中年成功隆昌，晚年倍加隆昌。
445,7,巫,火,二子吉祥，清雅多才，中年多灾，晚年吉祥。
446,7,住,火,重信讲义，多才温和，中年多灾，晚年隆昌。
447,7,足,火,刑偶伤子，身弱短寿，中年隆昌，晚年劳神。
448,7,坂,土,清雅多才，英敏伶俐，重情失败，晚年吉庆，隆昌之字。
449,7,辰,土,英俊佳人，理智充足，一生清雅，出外吉庆，成功荣幸。
450,7,坊,土,外观幸福，内心多忧，有才能无运，中年多劳，晚运吉祥。
451,7,均,土,天生聪明，多才巧智，清雅荣贵，成功隆昌，名利双收。
452,7,坑,土,忧心劳神，事劳无功，一生多灾难，难得幸福，身弱多病。
453,7,牡,土,克父命，秀气伶俐，福禄双收，有爱情厄，一生荣幸，二子吉祥。
454,7,坍,土,多才巧智，中年成功隆昌，刑偶伤子，晚年劳神。
455,7,秃,土,忧心劳神，身弱犯破，病弱短寿，中年多灾，晚年享福。
456,7,完,土,清雅伶俐，出外逢贵隆昌，中年有灾，晚年吉祥。
457,7,位,土,义利分明，多才巧智，身弱短寿，晚年成功隆昌。
458,7,延,土,英雄豪杰，奔波后成功，多才多能，有官格，中年隆昌之字。
459,7,役,土,多刑克，刑偶伤子，出外吉庆，中年潦倒，晚年吉祥。
460,7,邑,土,一生清雅，秀气温和，中年潦倒，晚年吉昌。
461,7,攸,土,,天生聪明，温和贤淑，中年吉祥，身弱多灾，晚年隆昌。
462,7,佑,土,学识丰富，清雅荣贵，中年成功隆昌，名利双收。
463,7,余,土,天生聪明，名利有份，中年成功隆昌，晚年享福。
464,8,昌,金,口快心直，性刚，忌车怕水，中年劳，晚年成功隆昌，荣贵官旺。
465,8,抄,金,忧心劳神，有爱情烦恼，中年劳或潦倒，晚年吉祥。
466,8,忱,金,忧心劳神，奔波劳苦，怀才不遇，中年劳苦，晚年吉祥。
467,8,承,金,精明公正，多才多能，中年成功隆昌，环境良好。
468,8,初,金,刑偶伤子，清雅荣贵，迟婚吉，中年奔波劳苦，晚年隆昌。
469,8,垂,金,义利分明，天生聪明，中年成功隆昌，清雅荣贵。
470,8,刺,金,身弱多疾，潦倒一生，有才无能，中年劳，晚年享福。
471,8,儿,金,奔波劳苦，清雅荣幸，中年劳，成功隆昌，晚年子孙兴旺。
472,8,姓,金,多才巧智，清雅伶俐，中年隆昌，环境良好，荣贵之字。
473,8,庚,金,一生安稳，天生聪颖，多才伶俐，中年成功隆昌，环境良好。
474,8,金,金,有爱情厄，多才秀气，清雅伶俐，中年劳，晚年成功隆昌。
475,8,净,金,清雅荣贵，克己助人，中年成功隆昌，出国之字。
476,8,侃,金,怀才不遇，命运多舛，中年多灾，晚年吉祥。
477,8,刻,金,带刀厄，多刑克，病弱短寿，困苦一生，晚年享福。
478,8,孥,金,多愁劳苦，刑偶伤子，中年劳，晚年吉祥。
479,8,妻,金,忧心劳神，百事劳苦，刑偶伤子，暗淡之字。
480,8,青,金,刑偶欠子，口快性刚，中年吉祥隆昌，晚年劳神。
481,8,取,金,刑偶伤子，出外逢贵得财，双妻之格，中年劳，晚年隆昌。
482,8,刹,金,不祥之字，暗淡无光，一生多灾，难得幸福，病弱短寿。
483,8,姗,金,多才巧智，清雅伶俐，秀气巧妙，中年成功隆昌，出国之字。
484,8,尚,金,理智充足，温和清雅，福禄双收，荣贵隆昌，二子吉祥。
485,8,舍,金,福禄双收，名利有份，中年吉昌，环境良好，荣贵之字，忌车怕水。
486,8,社,金,刑偶伤子，清雅多才，勤俭励业，家声克振，晚年劳神。
487,8,使,金,出外逢贵得财，温和贤淑，忧心劳神，上下敦睦，晚年吉祥。
488,8,始,金,刑偶伤子，秀气巧妙，中年多灾，晚年吉祥。
489,8,事,金,多愁多忧，事劳无功，一生清雅多灾，晚年吉祥。
490,8,受,金,忧心劳神，病弱短寿，中年劳，晚年吉祥。
491,8,叔,金,多才巧智，清雅伶俐，出外吉祥，中年劳，晚年吉庆。
492,8,刷,金,性刚果断，晚婚吉祥，中年多灾，晚年享福。
493,8,祀,金,一生清雅多才，克己助人，温和伶俐，中年多劳，晚年吉庆。
494,8,所,金,多愁多忧，多刑克，中年多灾，忌车怕水，晚年吉祥。
495,8,昔,金,刑偶伤子，晚婚迟得子大吉，清雅秀气，温和贤淑，幸福之字。
496,8,些,金,二子吉祥，多才巧智，清雅伶俐，中年劳，晚年吉祥。
497,8,周,金,聪明伶俐，多才多能，中年成功，晚年劳神。
498,8,宙,金,多才巧智，秀气伶俐，肯做肯劳，重信义，成功隆昌。
499,8,宗,金,英俊聪颖，清雅多才，福禄双收，成功隆昌，环境良好。
500,8,卒,金,不祥之字，暗淡无光，恶死凶亡，病弱短寿。
501,8,板,木,幼年多灾，少年艰难，中年成功隆昌，环境良好，二子吉祥。
502,8,昂,木,子孙兴旺，清雅荣贵，中年成功隆昌，出国之格。
503,8,杯,木,清雅秀气，温和贤淑，一生清闲，中年隆昌，晚年吉祥。
504,8,杵,木,忧心劳神，事劳无功，中年多劳，晚年吉祥。
505,8,东,木,多才巧智，义利分明，中年成功隆昌，刑偶，晚婚吉祥。
506,8,林,木,一生平凡，清雅多才，肯做肯劳，重信用，中年劳，晚年吉祥。
507,8,杷,木,清雅秀气，多才贤能，中年劳，晚年隆昌，环境良好。
508,8,斧,木,生在福家败亡，劳苦或奔波，中年潦倒，晚年吉祥。
509,8,供,木,刑偶欠子，多才伶俐，中年成功隆昌，晚年多劳，二子吉祥。
510,8,姑,木,温和慈祥，外祥内忧，中年多灾，晚年吉祥。
511,8,孤,木,不祥之字，暗淡无光，孤苦一生，难望幸福，多灾厄。
512,8,固,木,环境良好，福禄双收，名利有份，中年吉祥，晚年劳神。
513,8,乖,木,多刑克，多才多艺，聪明伶俐，中年吉祥，晚年劳神。
514,8,官,木,智勇双全，刑偶伤子，一生清雅平凡，中年劳，晚年吉祥。
515,8,果,木,二子吉祥，清雅荣贵，中年多灾，晚年如意发达。
516,8,杭,木,温和多才，清雅伶俐，中年有灾，忌车怕水，晚年吉祥。
517,8,忽,木,忧心劳神，刑偶伤子，中年多灾，晚年吉祥。
518,8,昏,木,晚婚迟得子大吉，温和伶俐，秀雅多才，中年平，晚年隆昌。
519,8,佶,木,福禄双收，温和伶俐，中年成功隆昌，环境良好，刑偶欠子。
520,8,技,木,忧心劳神，少年艰难，中年吉祥，但常有灾厄，晚年吉庆。
521,8,季,木,秀气伶俐，温和贤淑，一生清闲，中年成功隆昌。
522,8,佳,木,勤俭建业，家声克振，温和多才，中年成功隆昌，晚年劳神，欠子之字。
523,8,肩,木,刑偶伤子，忧心劳神，中年劳或病弱，晚年吉祥。
524,8,京,木,秀气多才，清雅荣贵，中年成功隆昌，二子吉祥。
525,8,纠,木,有爱情烦恼，忧心劳神，身弱短寿，晚年吉祥。
526,8,玖,木,理智充足，一生清雅荣贵，中年出外吉，成功隆昌。
527,8,居,木,多刑克，刑偶伤子，少年艰难，中年吉祥隆昌，欠子之字。
528,8,卷,木,奔波劳苦，忧心劳神，二子吉祥，中年多灾，晚年吉祥。
529,8,抗,木,忧心劳神，事劳无功，中年多灾，晚年吉昌。
530,8,肯,木,刑偶伤子，事劳无功，忧心劳神，晚年吉祥。
531,8,空,木,身弱多病，潦倒一生，中年多灾，晚年吉祥。
532,8,快,木,天生聪明，多才有能，中年劳，晚年吉昌，有爱情厄。
533,8,狂,木,自我心过强，欠仁和，不详多灾，病弱短寿。
534,8,枚,木,奔波劳苦，有才能理智，重情失败，晚年吉昌。
535,8,杻,木,忧心劳神，刑偶伤子，怀才不遇，潦倒一生，晚年享福。
536,8,其,木,天生聪颖，多才有能，二子吉祥，中年成功隆昌。
537,8,奇,木,多才贤能，清雅荣贵，中年劳，晚年成功隆昌，女人有爱情烦恼。
538,8,歧,木,多愁善感，忧心劳神，中年多灾，难得幸福。
539,8,穹,木,怀才不遇，潦倒一生，性刚口快，中年多灾，晚年吉昌。
540,8,屈,木,一生清雅，义利分明，中年劳，晚年吉庆。
541,8,券,木,多刑克，幼年多灾，中年多劳，晚年吉祥，但多疾病，
542,8,松,木,精明公正，智勇双全，一生清雅荣贵，成功隆昌，出国之字。
543,8,枉,木,出外逢贵得财，中年隆昌，子孙兴旺，晚年劳神。
544,8,卧,木,忧心劳神，事劳无功，中年多灾，晚年吉祥。
545,8,析,木,口快心直，性刚果断，中年多灾，晚年吉祥，幸福之字。
546,8,欣,木,清雅伶俐，多才巧智，中年奔波，但成功隆昌。
547,8,宜,木,温和贤淑，慈祥有德，中年成功隆昌，清雅荣贵，环境良好。
548,8,枝,木,刑偶伤子，多才清雅，中年吉祥，但有意外之灾，晚年隆昌。
549,8,竺,木,多才多能，精明公正，中年劳苦，晚年吉祥，二子之字。
550,8,杼,木,刑偶伤子，清雅多才，中年有灾，晚年吉祥。
551,8,版,水,一生奔波劳苦，身弱短寿，有不幸之灾，或有牢狱之灾。
552,8,岸,水,上下敦睦，快乐待人，有才能理智，中年成功隆昌。
553,8,八,水,多才巧智，清雅荣贵，成功隆昌，首领之格，老运倍加隆昌。
554,8,彼,水,晚婚吉祥，出外大吉，中年劳苦，晚年吉祥。
555,8,表,水,出外吉祥，温和诚实，中年劳，晚年吉庆，刑偶或欠子。
556,8,秉,水,义利分明，名利双收，清雅荣贵，操守廉正，出国之字。
557,8,帛,水,有爱情厄，刑偶伤子，中年多灾，晚年吉昌。
558,8,幸,水,秀气伶俐，多才贤能，一生清闲，中年平，晚年幸福吉祥。
559,8,房,水,福禄双收，多才多能，中年劳苦，晚年吉祥。
560,8,放,水,奔波劳苦，病弱短寿，有爱情厄，中年劳，晚年吉祥。
561,8,非,水,清雅秀丽，多才多能，义利分明，中年平凡，晚年吉昌。
562,8,汾,水,带刀字，多刑克，晚婚吉，中年劳，晚年吉祥。
563,8,奉,水,刑克父母，刑偶伤子，中年劳或疾病，晚年成功隆昌。
564,8,扶,水,幼年辛苦，身瘦多才，中年奔波，晚年成功隆昌，女人克夫。
565,8,府,水,温和贤淑，清雅多才，中年成功隆昌，环境良好。
566,8,阜,水,口快性刚，事劳无功，中年多灾，晚年吉祥。
567,8,冈,水,忧心劳神，命运多舛，少年艰难，中年隆昌，晚年忧心劳神。
568,8,卦,水,英敏之才，清雅平凡，福禄有份，中年平凡，晚年吉昌。
569,8,和,水,上下敦睦，妻贵子贵，中年劳或疾病，晚年隆昌。
570,8,呼,水,口快心直，忌车怕水，福禄双收，中年吉祥，晚年劳神。
571,8,虎,水,性刚果断，身弱多病，中年多灾，晚年吉祥。
572,8,或,水,刑偶伤子，奔波劳苦，中年多灾，福禄有份，晚年吉祥。
573,8,盲,水,不祥之字，忌车怕水，一贫如洗，难得幸福。
574,8,没,水,不祥之字，勤俭，肯做肯劳，幸福一生，但多灾厄。
575,8,妹,水,有爱情烦恼，一生多才，重信义，但多灾，晚年吉祥。
576,8,门,水,沉浮不定，一生多劳或困苦，中年多灾，晚年吉庆。
577,8,氓,水,多灾厄，病弱短寿，潦倒一生，困苦劳神，有牢狱之灾。
578,8,孟,水,刑克父母，慈祥有德，清雅伶俐，中年多灾，晚年吉昌。
579,8,宓,水,勤俭肯劳，家声克振，中年成功，欠子之字。
580,8,明,水,多才巧智，清雅伶俐，中年多灾，有爱情厄，晚年吉庆。
581,8,命,水,多刑克，多能贤淑，苦中得甘，刑偶伤子，晚福之字。
582,8,侔,水,性刚口快，有牢狱之灾，中年多灾，晚年吉祥。
583,8,沐,水,义利分明，清雅伶俐，双妻之格，中年劳，晚年吉庆。
584,8,牧,水,刑偶伤子，奔波劳苦，中年多劳，晚年吉祥。
585,8,抛,水,生在福家败散，幼年辛苦，中年奔波，晚年吉祥。
586,8,沛,水,性刚口快，清雅英俊，中年成功隆昌，英雄好汉之字。
587,8,佩,水,智勇双全，名利双收，清雅荣贵，女人有爱情厄。
588,8,朋,水,刑偶伤子，晚婚吉祥，智勇双全，中年劳，晚年隆昌。
589,8,汽,水,口快心直，有再嫁之厄，中年劳，重情失败，晚福之字。
590,8,沁,水,温和贤淑，有成人之美德，中年劳，晚年劳神。
591,8,沙,水,清秀伶俐，多才温和，中年成功隆昌，清闲幸福。
592,8,沈,水,清雅伶俐，多才巧智，中年奔波，晚年隆昌。
593,8,味,水,福禄双收，清雅多才，出外吉庆，贵人明现，晚年享福。
594,8,汶,水,天生聪颖，精明公正，秀气多才，出国之格，中年成功隆昌。
595,8,沃,水,幼年辛苦，多刑克，清雅伶俐，秀气巧妙，刑偶伤子。
596,8,武,水,吉凶分明，吉则成功隆昌，凶则病弱短寿，刑偶伤子，多灾难。
597,8,物,水,克母命，有爱情厄，肯做肯劳，中年平凡，晚年吉祥。
598,8,弦,水,多才巧智，性刚口快，中年劳，晚年吉庆。
599,8,享,水,晚婚吉祥，出外吉，清雅伶俐，中年劳，晚年隆昌。
600,8,协,水,刑偶伤子，清雅伶俐，中年劳，晚年吉祥隆昌。
601,8,沂,水,环境良好，温和伶俐，福禄双收，中年成功隆昌。
602,8,雨,水,克父命，多才伶俐，幼年辛苦，中年成功隆昌，福寿兴家。
603,8,沅,水,出国之字，多才多能，秀雅英敏，中年成功隆昌。
604,8,沚,水,清雅伶俐，多才巧智，中年劳或奔波，晚年吉庆。
605,8,状,水,忧心劳神，怀才不遇，中年多灾，晚年吉祥。
606,8,长,火,过房之字，口快心直，中年劳或多灾，晚年吉祥。
607,8,侈,火,温和伶俐，多才巧智，中年劳神或奔波，晚年吉祥。
608,8,炊,火,刑偶伤子，忧心劳神，一生难幸福，中年多灾，欠子之字。
609,8,徂,火,环境良好，上下敦睦，多才多能，中年忌车怕水，晚年吉祥。
610,8,岱,火,智勇双全，武官大吉，福禄双收，温和有德，成功荣贵。
611,8,到,火,清雅平凡，忌车怕水，中年多灾，晚年隆昌，二子吉祥。
612,8,的,火,勤俭建业，家声克振，中年成功隆昌，女人劳神。
613,8,底,火,多愁伶俐，肯做肯劳，中年疾病，晚年吉祥。
614,8,典,火,智勇双全，胆识丰足，中年成功隆昌，二子吉祥，出国之字。
615,8,店,火,名利双收，福禄有份，事业隆昌，清雅荣贵，刑偶伤子。
616,8,定,火,刑偶伤子，多才朴素，温和慈祥，中年成功隆昌，晚年劳神。
617,8,侗,火,刑偶伤子，一生清雅荣贵，中年劳或奔波，晚年吉昌。
618,8,戽,火,一生多才多艺，中年奔波，晚年隆昌，荣幸之字。
619,8,姐,火,温和贤淑，勤俭持家，福禄双收，名利有份，成功隆昌。
620,8,咎,火,奔波劳苦，口才伶俐，福禄有份，中年劳，晚年吉祥。
621,8,昆,火,英俊才人，清雅多才，中年成功隆昌，名利双收，荣贵之字。
622,8,来,火,晚婚迟得子大吉，出外吉祥，中年多劳，有牢狱之灾，晚年隆昌，不幸之字。
623,8,肋,火,刑克父母，刑偶伤子，晚婚大吉，中年困苦，晚年享福。
624,8,例,火,性刚口快，多愁善感，中年多劳或潦倒，晚年吉祥。
625,8,两,火,夫妻和合，福寿兴家，中年吉祥，晚年隆昌，一生幸福。
626,8,冽,火,口快性刚，清雅多才，中年劳，晚年吉昌，欠子之字。
627,8,侣,火,福禄双收，名利有份，中年平凡，晚年吉祥，二子兴旺。
628,8,仑,火,克夫之字，清雅多才，中年有离乱之苦，晚年吉祥。
629,8,旻,火,天生聪明，多才多能，中年成功隆昌，一生享福。
630,8,奈,火,多才秀气，清雅荣贵，中年成功隆昌，二子吉祥。
631,8,妮,火,清雅伶俐，多才秀气，中年成功隆昌，环境良好，出国之字。
632,8,念,火,出外大吉，贵人明现，中年成功隆昌，晚年忧心劳神。
633,8,弩,火,忧心劳神，病弱短寿，一生多灾，难得幸福。
634,8,妾,火,刑偶欠子，有爱情厄，中年吉祥，晚年劳神。
635,8,乳,火,清雅伶俐，秀气巧妙，晚婚吉，中年隆昌，晚年劳神。
636,8,侍,火,多相克，一生多才，中年有灾，晚年隆昌，欠子之字。
637,8,佻,火,有爱情烦恼，清雅秀气，中年有厄，晚年吉祥，荣幸之字。
638,8,帖,火,福禄有份，缘和四海，中年吉祥，晚年劳神。
639,8,投,火,出外逢贵，但常有祸端，沉浮多厄，内心多忧，晚年吉祥。
640,8,罔,火,幼年辛苦，少年艰难，中年吉祥，晚年劳神，暗淡之字。
641,8,炎,火,口快心直，英雄豪爽，中年有牢狱之灾，常人难受之字。
642,8,易,火,子孙兴旺，多才巧智，勤俭持家，白手成家，成功隆昌。
643,8,折,火,孤寡或孤独，多愁善感，中年多劳，晚年吉昌。
644,8,争,火,清雅多才，理智充足，一生清闲，中年成功隆昌。
645,8,知,火,理智充足，多才巧智，中年成功隆昌，财官兴旺，清雅荣贵。
646,8,直,火,一生向上，智勇双全，多才伶俐，成功隆昌，环境良好。
647,8,制,火,清雅伶俐，中年虽劳，苦中得甘，晚年吉祥。
648,8,忠,火,性刚，英雄豪杰，少年艰难，中年劳，晚年吉祥隆昌，忌车怕水。
649,8,卓,火,刑偶伤子，忧心劳神，中年多灾，晚年吉祥。
650,8,附,土,智勇双全，清雅聪明，中年成功隆昌，晚年子孙兴旺。
651,8,坤,土,清雅伶俐，刑偶伤子，多才多能，中年有灾，晚年吉庆。
652,8,坪,土,理智充足，文雅秀气，中年有灾，身闲心劳，晚年隆昌。
653,8,坡,土,晚婚吉祥，多愁苦劳，病弱短寿，难得幸福，破相之字。
654,8,坦,土,英敏多才，学问丰富，清雅荣贵，成功隆昌。
655,8,宛,土,秀气巧妙，多才伶俐，温和贤能，出外吉祥，一生英敏幸福。
656,8,往,土,一生清雅多才，勤俭励业，中年劳，但隆昌，晚年吉昌。
657,8,旺,土,性刚口快，刑偶欠子，中年奔波，成功隆昌，环境良好。
658,8,委,土,忧心劳神，病弱短寿，中年多灾，晚年吉祥，享福之字。
659,8,亚,土,智勇双全，多才有能，中年成功隆昌，女人少年艰难或有不幸之灾。
660,8,奄,土,忧心劳神，事劳无功，口快心直，中年多灾，晚年隆昌。
661,8,肴,土,身弱多病，口快性刚，中年劳，晚年吉祥。
662,8,夜,土,忧心劳神，事劳无功，中年吉祥，晚年多苦，子孙吉庆。
663,8,依,土,外观幸福，内心多忧，刑偶伤子，中年多灾，晚年吉祥。
664,8,抑,土,忧心劳神，事劳无功，中年不幸，晚年吉祥。
665,8,侑,土,口快心直，出外吉祥，中年多灾，晚年隆昌，豪杰之字。
666,8,昀,土,天生聪颖，学识渊博，清雅荣贵，成功隆昌，名利双收。
667,9,查,金,刑偶欠子，多才巧智，清雅伶俐，中年劳，晚年吉祥。
668,9,姹,金,温和贤淑，清雅伶俐，中年吉祥，晚年隆昌。
669,9,差,金,清雅平凡，技术隆昌，中年劳或奔波，晚年隆昌。
670,9,拆,金,有才能理智，但无运，怀才不遇，一生劳苦，晚年享福。
671,9,春,金,清雅伶俐，少乐多忧，出外大吉，中年有灾难，欠子之字。
672,9,促,金,刑偶伤子，有爱情厄，中年吉祥，晚年劳神。
673,9,度,金,出外吉祥，中年奔波劳苦，晚年成功隆昌。
674,9,性,金,幼年多灾，中年成功隆昌，环境良好，温和贤淑，晚运劳神。
675,9,宫,金,智勇双全，福禄双收，义利分明，晚年隆昌，劳神。
676,9,枯,金,温和贤淑，清雅伶俐，有成人之美德，中年平凡，晚年吉祥。
677,9,前,金,出外逢贵成功，中年多灾潦倒，晚年吉祥隆昌。
678,9,侵,金,忧心劳神，奔波劳苦，中年多灾，晚年吉祥。
679,9,秋,金,多才巧智，清雅荣贵，中年成功隆昌，女人虚荣，有爱情厄，晚年吉祥。
680,9,柔,金,出外吉祥，福禄双收，中年成功隆昌，晚年倍加隆昌。
681,9,砂,金,命硬多刑克，晚婚吉祥，中年劳，晚年吉祥。
682,9,衫,金,二子吉祥，一生清雅平凡，中年吉祥，晚年劳神。
683,9,甚,金,口快心直，欠子或多子，中年吉祥隆昌，晚年劳神。
684,9,牲,金,性刚果断，口快心直，中年劳，晚年吉祥。
685,9,省,金,刑偶伤子，性刚多灾，中年劳苦，晚年吉祥，女人薄幸。
686,9,施,金,一生多福少劳，福禄丰厚，中年吉祥，晚年劳神。
687,9,食,金,奔波劳苦，口快性刚，中年多灾，晚年吉祥。
688,9,室,金,一生向上，贵人明现，多才多福，中年成功隆昌。
689,9,是,金,清雅秀气，多才温和，中年吉祥，晚年多疾。
690,9,首,金,忧心劳神，事劳无功，二子吉祥，中年多灾，晚年吉祥。
691,9,帅,金,刑克父母，性刚果断，中年成功隆昌，晚年劳神。
692,9,思,金,有才能理智，勤俭励业，家声克振，名利双收，晚年劳神。
693,9,俗,金,温和伶俐，福禄双收，清雅欠子，中年劳，晚年吉祥。
694,9,削,金,刑偶伤子，百事劳苦，一贫如洗，潦倒一生，劳苦之字。
695,9,信,金,多才能干，清雅英敏，配合吉则成功隆昌，配合凶则有牢狱之灾。
696,9,星,金,有才干理智，清雅贤淑，有美德雅量，中年劳，晚年隆昌。
697,9,叙,金,精明公正，雅量多才，出外吉庆，成功隆昌，荣贵之字。
698,9,宣,金,学识渊博，胆智双收，清雅荣贵，中年成功隆昌，官旺之字。
699,9,页,金,二子吉祥，义利分明，中年成功隆昌，清雅荣贵。
700,9,俞,金,一生清闲，理智充足，中年吉祥，晚年隆昌。
701,9,哉,金,学识渊博，操守廉正，中年成功隆昌，出国之字。
702,9,则,金,精明公正，克己助人，中年成功隆昌，一生荣贵享福。
703,9,峙,金,一生清闲，刑偶伤子，中年多灾，晚年吉祥。
704,9,拙,金,多愁多忧，事劳无功，中年劳苦，晚年吉祥。
705,9,咨,金,福禄双收，清雅荣贵，中年成功隆昌，晚年倍加隆昌。
706,9,姿,金,秀气巧妙，贤能晓事，温和伶俐，成功隆昌。
707,9,昨,金,一生劳苦，孤独性格，中年多灾，晚年荣禄。
708,9,柄,木,多才巧智，环境良好，清雅荣贵，中年成功隆昌。
709,9,柴,木,一生清雅平凡，福禄双收，名利有份，中年劳，晚年隆昌。
710,9,俄,木,自尊心强，意气大，出外吉祥，中年多灾，晚年吉祥。
711,9,肝,木,刑偶伤子，事劳无功，中年隆昌，晚年吉昌，欠子之字。
712,9,柑,木,有爱情烦恼，身弱多病，中年吉祥，晚年劳神，克偶伤子。
713,9,竿,木,性刚果断，有牢狱之灾，中年多灾，晚年吉祥。
714,9,革,木,性刚口快，多才清雅，中年吉昌，晚年劳神。
715,9,故,木,出外吉祥，刑偶伤子，中年劳或有灾，晚年吉祥，清雅多才。
716,9,冠,木,一生清雅秀气，幼年辛苦，中年开泰吉祥，出外隆昌。
717,9,轨,木,教育界大吉，温和贤淑，有美德雅量，中年劳，晚年隆昌。
718,9,癸,木,刑偶伤子，多才清雅，中年劳，晚年成功隆昌。
719,9,哄,木,福禄双收，二子吉祥，中年虽劳，成功隆昌，短寿之字。
720,9,虹,木,晚婚大吉，清雅多才，中年成功隆昌，出国之格。
721,9,急,木,忧心劳神，事劳无功，中年多灾，晚年吉祥。
722,9,纪,木,智勇双全，义利分明，克己助人，中年奔波，晚年吉祥。
723,9,既,木,出外逢贵得财，多才有能，中年劳，晚年吉祥。
724,9,架,木,刑克父母，身弱短寿，有才能理智，晚年吉祥。
725,9,建,木,出外吉祥，兄弟不和，中年成功隆昌，环境良好。
726,9,姜,木,多才巧智，清雅温和，中年劳，晚年吉祥。
727,9,姣,木,秀气多才，清雅温和，有爱情厄，中年成功隆昌。
728,9,皆,木,晚婚迟得子大吉，出外吉祥，中年劳苦，晚年吉庆。
729,9,界,木,克父命，兄弟无靠，英敏伶俐，温和贤淑，二子吉祥。
730,9,劲,木,刑克父母，刑偶伤子，中年多灾，晚年隆昌。
731,9,九,木,福寿双全，贵人明现，出外大吉，环境良好，出国之格。
732,9,拘,木,暗淡无光，虽成功难幸福，病弱短寿，多灾厄。
733,9,拒,木,智勇双全，福禄双收，性刚豪爽，中年劳，晚年隆昌。
734,9,军,木,义利分明，智勇双全，中年劳，成功隆昌。
735,9,看,木,清雅伶俐，清秀多才，中年吉祥，晚年劳神多疾。
736,9,柯,木,清雅伶俐，智勇双全，福禄有份，中年平凡，晚年吉昌。
737,9,科,木,多才俊美，清雅荣贵，中年成功隆昌，出外吉祥幸福。
738,9,客,木,福禄双收，清雅伶俐，中年多劳，晚年吉祥，短寿之字。
739,9,柳,木,温和贤淑，秀气多才，多情恩重，中年成功，自成家业。
740,9,芒,木,一贫如洗，病弱短寿，中年多灾，晚年吉祥。
741,9,祈,木,口快性刚，克父命，多才巧智，中年潦倒，晚年吉祥，环境良好。
742,9,契,木,带刀厄，刑偶伤子，病弱短寿，中年多灾，晚年吉祥。
743,9,柿,木,忌车怕水，清秀多才，中年有灾，晚年吉祥。
744,9,玩,木,出外吉祥，幼年辛苦，中年成功隆昌，晚年忧心劳神。
745,9,侠,木,口快心直，英雄豪杰，中年多灾，事劳无功，晚年吉祥。
746,9,相,木,有才能理智，刑偶伤子，双妻之格，中年成功隆昌。
747,9,彦,木,操守廉正，名利双收，官运旺，成功隆昌。
748,9,羿,木,操守廉正，勤俭忠诚，中年吉祥，忌车怕水，女人有爱情厄。
749,9,胤,木,清雅荣贵，福寿绵长，学识丰富，成功隆昌。
750,9,柚,木,福禄双收，名利有份，中年奔波，晚年劳神。
751,9,禺,木,多刑克，刑偶伤子，清雅平凡，中年多劳，晚年吉祥。
752,9,柘,木,刑克父母，多才多能，怀才不遇，中年多劳，晚年成功隆昌。
753,9,芝,木,英雄豪爽，多才巧智，缘和四海，出外成功，清雅荣幸。
754,9,斫,木,多刑克，损丁破财，病弱短寿，困苦一生，终生不幸。
755,9,拜,水,天生聪明，多才伶俐，晚婚吉祥，重情失败，晚年吉祥。
756,9,保,水,天生聪颖，理智充足，中年成功隆昌，晚年忌车怕水。
757,9,抱,水,一生平凡，身弱短寿，有牢狱之灾，晚年享福。
758,9,背,水,刑偶伤子，忧心劳神，身弱多病，晚年吉祥。
759,9,甭,水,多才巧智，秀气巧妙，清雅荣贵，中年成功隆昌。
760,9,毖,水,口快心直，忧心劳神，中年有灾，晚年享福。
761,9,扁,水,一生聪明伶俐，口快心直，中年平，晚年吉祥，女人多灾，病弱寿短。
762,9,便,水,福禄双收，出外吉祥，中年劳，成功隆昌，晚年吉祥，但欠子。
763,9,波,水,白手成家，出外大吉，中年劳或潦倒，晚年成功隆昌，荣贵之字。
764,9,泊,水,智勇双全，清雅荣贵，福寿兴家，中年成功隆昌。
765,9,勃,水,怀才不遇，有才能，无统帅之才干，中年劳，晚年吉祥。
766,9,法,水,刑偶欠子，一生清雅多财，中年成功隆昌，晚年吉庆。
767,9,勉,水,多愁多忧，刑偶伤子，有爱情烦恼，中年多灾，难得幸福。
768,9,眇,水,有爱情烦恼，身弱多病，中年劳，晚年吉祥。
769,9,秒,水,刑克父母，刑偶伤子，贵人明现，中年劳，晚年吉祥。
770,9,拍,水,技术吉祥，肯做肯劳，重信用，中年多劳，晚年隆昌。
771,9,飞,水,英雄豪杰，义利分明，智勇双全，但常人难受之字，忌车怕水。
772,9,风,水,身弱多病，奔波劳苦，中年吉祥，晚年劳神。
773,9,封,水,外观幸福，内心多忧，清雅平凡，一生多忧少乐，晚年吉祥。
774,9,负,水,带刀厄，清雅多才，二子吉祥，晚年安详。
775,9,泔,水,良善积德，克己助人，中年成功隆昌，环境良好，子孙兴旺。
776,9,河,水,英雄或英敏，多才多能，二子吉祥，中年劳，晚年隆昌，忌车怕水。
777,9,红,水,克父命，多才巧智，清雅荣贵，中年劳，晚年吉祥。
778,9,泓,水,义利分明，福禄双收，中年虽劳，成功隆昌，官旺之字。
779,9,侯,水,清雅多才，理智充足，中年平凡，晚年吉祥。
780,9,后,水,衣食丰厚，一表人才，多才多能，清雅荣贵，中年成功隆昌。
781,9,厚,水,温和贤淑，一生清雅荣贵，中年成功隆昌，安富尊荣。
782,9,皇,水,英敏之才，特有人缘，中年劳或奔波，晚年吉祥。
783,9,计,水,口才伶俐，多才贤能，中年吉祥，刑偶伤子，晚年劳神。
784,9,炬,水,多才有能，官运旺盛，刑偶伤子，一生清雅荣贵。
785,9,玫,水,多才巧智，天生聪明，中年成功隆昌，清雅荣贵，出国之字。
786,9,眉,水,温和贤淑，清雅秀气，小心爱情厄，中年成功隆昌。
787,9,美,水,清雅秀气，多才贤能，中年吉祥，晚年隆昌，清秀之字。
788,9,昧,水,暗淡无光，命途多舛，中年多灾，晚年吉祥。
789,9,泯,水,多才巧智，天生聪明，一生操守廉正，官格成功隆昌之字。
790,9,某,水,多才巧智，清雅荣贵，中年成功隆昌，二子吉祥，女人不幸。
791,9,盼,水,清雅伶俐，带刀字，刑偶伤子，中年吉祥，晚年隆昌，环境良好。
792,9,品,水,性刚，秀气多才，温和伶俐，福禄双收，中年隆昌荣华。
793,9,屏,水,多才清雅，荣贵安福，成功隆昌，出国之字，小心爱情厄。
794,9,泉,水,英俊佳人，温和多才，清雅荣贵，中年成功隆昌，晚年劳神。
795,9,染,水,一生清雅平凡，多才巧智，中年成功隆昌，晚年劳神。
796,9,泗,水,环境良好，清雅荣贵，福禄双收，中年劳，晚年吉庆。
797,9,咸,水,克父命，清雅伶俐，中年吉祥，晚年劳神，身闲心苦。
798,9,香,水,身弱多灾，忧心劳神，中年劳，晚年吉祥。
799,9,巷,水,忧心劳神，一生劳苦多忧，晚婚吉，中年劳，晚年吉祥。
800,9,妍,水,多才巧智，清雅伶俐，刑偶伤子，中年多灾，晚年吉祥，忌车怕水。
801,9,沿,水,福禄双收，名利有份，口快心直，贵人明现，晚年隆昌。
802,9,衍,水,一生清雅，多才巧智，中年劳，晚年隆昌，名利双收。
803,9,泱,水,秀气巧妙，清雅伶俐，中年吉庆，晚年子孙鼎盛。
804,9,盈,水,带血字，多刑克，薄幸多灾，有爱情厄，晚年吉祥。
805,9,泳,水,克父伤子，幼年辛苦，早出社会，中年成功隆昌，荣幸之字。
806,9,油,水,刑偶伤子，双妻之格，出外吉祥，中年劳，晚年吉昌。
807,9,沾,水,清雅多才，秀气贤淑，中年吉祥，晚年隆昌，荣贵幸福。
808,9,沼,水,智勇双全，学识丰富，官格之字，中年成功隆昌，带刀厄，刑偶欠子。
809,9,治,水,清雅荣贵，多才多能，中年成功隆昌，女人薄幸多灾，再嫁之字。
810,9,注,水,多能温和，重信用，中年多灾，晚年吉祥。
811,9,炳,火,兄弟无缘，清雅荣贵，中年成功隆昌，环境良好，医界大吉。
812,9,抽,火,出外逢贵得财，中年吉祥，晚年子孙兴旺，双妻之格。
813,9,待,火,秀气伶俐，多才秀气，中年劳神，晚年吉祥。
814,9,怠,火,忧心劳神，事劳无功，中年多灾，晚年吉祥。
815,9,抵,火,常生祸端，多灾厄，刑偶伤子，中年劳苦，晚年享福。
816,9,帝,火,英敏多才，福禄双收，英俊佳人，中年吉庆，富贵隆昌。
817,9,订,火,清雅英俊，多才伶俐，万事如意，刑偶伤子，晚年吉昌。
818,9,段,火,奔波劳苦，性刚果断，中年潦倒，晚年吉祥。
819,9,盾,火,技术大吉，多劳少乐，中年劳苦，晚年隆昌。
820,9,赴,火,保守之格，一生清雅平凡，中年劳，晚年吉祥，子孙兴旺。
821,9,拐,火,少年艰难，忌车怕水，父母无缘，中年劳，晚年隆昌。
822,9,柬,火,忧心劳神，刑偶伤子，中年吉祥，晚年劳神，多疾病。
823,9,玦,火,刑偶伤子，一生清雅伶俐，小心爱情厄，晚年吉祥。
824,9,俊,火,英敏之才，上下敦睦，中年成功隆昌，出外吉祥，名利双收。
825,9,亮,火,义利分明，多才能干，小心爱情厄，成功隆昌，女人薄幸，难得幸福。
826,9,律,火,秀气伶俐，理智充足，中年有爱情厄，但吉祥，晚年隆昌。
827,9,娜,火,婀娜多姿，秀气伶俐，晚年吉祥，小心爱情厄，晚年吉祥。
828,9,耐,火,忧心劳神，事劳无功，清雅多才，中年劳，晚年吉祥。
829,9,南,火,忧心劳神，孤独大吉，中年多劳或潦倒，晚年吉祥隆昌。
830,9,怒,火,身闲心苦，病弱短寿，中年多灾，晚年吉祥。
831,9,炮,火,刑克父母，刑偶伤子，中年多灾，晚年吉祥。
832,9,泰,火,多才巧智，清雅荣贵，中年成功隆昌，晚年倍加隆昌。
833,9,炭,火,多才巧智，性刚口快，晚年吉祥，中年劳，晚年吉昌。
834,9,亭,火,多才巧智，清雅伶俐，小心爱情厄，中年吉祥，晚年隆昌。
835,9,突,火,自尊心强，欠仁和，怀才不遇，中年劳，晚年吉祥。
836,9,歪,火,忧心劳神，常有病端，中年多灾，一生难得幸福。
837,9,炫,火,多福多才，清雅荣贵，官缘得禄，成功隆昌，出国之格。
838,9,映,火,智勇双全，名利双收，中年成功隆昌，一生安详伶俐。
839,9,昱,火,清雅荣贵，温和贤能，中年成功隆昌，出国之格。
840,9,怨,火,克父命，一生清雅伶俐，中年吉祥，有爱情厄，晚年安稳。
841,9,灾,火,孤寡薄幸，身弱短寿，中年多灾，晚年吉祥。
842,9,招,火,晚婚大吉，忌车怕水，多灾劳神，中年多厄，晚年吉祥，带刀厄。
843,9,昭,火,刑偶欠子，清雅多才，智勇双全，官运旺，晚年吉昌，多才荣贵。
844,9,贞,火,秀气伶俐，温和贤淑，中年成功隆昌，二子吉祥，荣贵之字。
845,9,政,火,英敏多才，出外吉祥，中年成功隆昌，晚年劳神。
846,9,祉,火,一生清雅灵敏，多才雅量，中年平，晚年隆昌。
847,9,重,火,清雅荣贵，家声克振，安享尊荣，成功隆昌，富贵双全。
848,9,纣,火,刑偶伤子，有爱情厄，中年多灾，晚年隆昌，但劳神。
849,9,奏,火,有爱情厄，多才巧智，清雅伶俐，中年成功隆昌。
850,9,哀,土,暗淡无光，病弱短寿，恶死凶亡，命运多舛，难得幸福。
851,9,衩,土,多愁多忧，刑偶伤子，中年多灾，出外吉祥，晚年隆昌。
852,9,昶,土,子孙兴旺，多才巧智，中年成功隆昌，晚年劳神。
853,9,型,土,忧心劳神，少乐多忧，中年多灾，晚年吉祥。
854,9,奎,土,一生福禄有进，智勇双全，中年吉祥，晚年隆昌。
855,9,盆,土,带血字，多灾厄，多忧少乐，身弱短寿，薄幸之字。
856,9,威,土,口快性刚，智勇双全，中年劳或奔波，晚年成功隆昌。
857,9,畏,土,忧心劳神，事劳无功，一生多灾，晚年吉祥。
858,9,胃,土,忧心劳神，事劳无功，中年多灾，晚年吉祥。
859,9,屋,土,多愁多忧，晚婚迟见子，中年吉祥，晚年劳神。
860,9,押,土,忧心劳神，病弱短寿，有牢狱之灾，一生难得幸福。
861,9,要,土,性刚口快，清雅伶俐，中年吉祥，晚年劳神。
862,9,怡,土,刑偶伤子，清雅秀气，温和贤淑，中年有灾，晚年吉祥。
863,9,姻,土,有爱情厄，清雅伶俐，多才肯劳，中年平，晚年吉祥。
864,9,音,土,晚婚迟得子大吉，出外吉祥，中年劳，晚年吉祥，双妻之格。
865,9,勇,土,晚婚吉祥，多才贤能，中年多劳，晚年吉祥，忌车怕水。
866,9,幽,土,有爱情烦恼，病弱短寿，暗淡无光，常有祸端。
867,9,囿,土,官或财旺，一生福禄双收，中年吉祥隆昌，清荣享福。
868,9,宥,土,安详享福，慈祥有德，中年吉祥，晚年隆昌。
869,9,禹,土,刑克父母，天生聪明，有才无运，有伤子之厄，晚年吉祥。
870,9,垣,土,义利分明，朴素温和，中年成功隆昌。
871,9,约,土,多才巧智，清雅荣贵，中年成功隆昌，女人有爱情厄，教育界吉。
872,10,财,金,忧心劳神，刑偶伤子，事劳无功，忌车怕水，中年吉祥，晚年多灾。
873,10,仓,金,福禄双收，清雅伶俐，晚婚吉祥，中年劳，晚年吉祥。
874,10,晁,金,天生聪明，智勇双全，中年成功隆昌，出国之字，忌车怕水。
875,10,宸,金,一生清雅荣贵，温和贤能，中年成功隆昌，环境良好。
876,10,乘,金,刑偶伤子，忧心劳神，肯做肯劳，难得幸福，多灾难。
877,10,持,金,刑偶伤子，天生聪明，清雅伶俐，中年劳，晚年吉祥。
878,10,纯,金,有爱情烦恼，忧心劳神，二子吉祥，中年成功隆昌。
879,10,祠,金,多才巧智，清雅荣贵，智勇双全，中年成功隆昌，幸福之字。
880,10,钉,金,多刑克，性刚口快，中年困苦，命途多舛。
881,10,刚,金,智勇双全，武官大吉，中年劳，晚年成功隆昌，清雅荣贵，二子吉祥。
882,10,罡,金,精明公正，义利分明，重意气，清雅荣贵，官旺，成功隆昌。
883,10,怪,金,忧心劳神，病弱短寿，多灾难，刑偶伤子。
884,10,借,金,温和贤能，多才伶俐，中年劳，成功隆昌，迟见子吉祥。
885,10,峻,金,孤独格，英俊佳人，多才贤能，中年隆昌，出国之格。
886,10,倪,金,出外吉祥，多才巧智，清雅伶俐，出国之字，成功隆昌，孤独格。
887,10,剖,金,福禄双收，二子吉祥，中年多劳，晚年吉祥。
888,10,倩,金,刑偶欠子，身弱多忧，一生清雅，中年吉祥，晚年劳神。
889,10,弱,金,不祥之字，暗淡无光，病弱短寿，多灾难，难得幸福。
890,10,珊,金,秀气伶俐，多才巧智，中年成功隆昌，出国之字。
891,10,闪,金,上下敦睦，温和多才，中年吉祥，环境良好，清雅享福。
892,10,讪,金,一生清雅多才，兄弟无缘，中年吉祥，晚年隆昌，环境良好。
893,10,射,金,有破相之危，多刑克，命硬，中年多灾，晚年吉祥，但寿短。
894,10,娠,金,秀气多才，贤能温和，中年吉祥，晚年隆昌。
895,10,神,金,清雅英敏，多才巧智，中年吉祥，晚年隆昌。
896,10,十,金,温和贤淑，缘和四海，上下敦睦，成功隆昌。
897,10,拾,金,福禄双收，多才贤能，清雅荣贵，成功隆昌，环境良好。
898,10,狩,金,刑偶伤子，清雅伶俐，中年奔波，晚年吉祥。
899,10,书,金,清雅荣贵，多才巧智，精明公正，义利分明，英俊成功。
900,10,殊,金,有爱情厄，忧心劳神，中年有灾，晚年吉祥，不幸之字。
901,10,素,金,身弱多病，晚婚吉祥，中年幸福，晚年吉祥，多愁忌水之字。
902,10,孙,金,清雅伶俐，多才巧智，中年多灾或奔波，晚年吉祥。
903,10,隼,金,秀气巧妙，少年艰难，中年吉祥，先苦后甘，晚年隆昌。
904,10,索,金,有爱情烦恼，暗淡无光，中年多舛，晚年享福。
905,10,紊,金,英俊伶俐，克己助人，中年成功隆昌，清雅荣贵。
906,10,息,金,忧心劳神，刑偶伤子，中年劳或潦倒，晚年吉祥。
907,10,席,金,聪明伶俐，清雅多才，中年有灾，晚年吉祥，环境良好。
908,10,笑,金,刑偶伤子，少年艰难，中年吉祥，晚年劳神。
909,10,修,金,英秀伶俐，温和贤能，上下敦睦，中年成功，晚年隆昌。
910,10,徐,金,一生清雅荣贵，多才巧智，中年成功隆昌，晚年劳神。
911,10,殉,金,暗淡无光，身弱短寿或欠子，中年吉祥，晚年多灾。
912,10,栽,金,多才伶俐，清雅荣贵，中年成功隆昌，晚年劳神。
913,10,宰,金,身弱短寿，事劳无功，忌车怕水，中年有灾，晚年吉祥。
914,10,钊,金,带刀厄，礼诚待人，安稳守己，中年劳苦，晚年隆昌。
915,10,针,金,刑偶伤子，晚婚迟得子大吉，中年多灾，晚年吉祥。
916,10,真,金,清雅多才，温和伶俐，中年成功隆昌，荣贵清闲，二子吉祥。
917,10,纸,金,忧心劳神，事劳无功，中年劳苦，晚年吉祥。
918,10,指,金,晚婚吉祥，忧心劳神，身弱多劳，晚年吉祥。
919,10,酌,金,一生清雅伶俐，多才巧智，中年劳，晚年吉祥，福禄之字。
920,10,租,金,一生清雅多才，中年吉祥，环境良好，福寿兴家。
921,10,祖,金,清雅荣贵，官格之字，中年吉祥隆昌，晚年劳神，忌车怕水。
922,10,祚,金,刑偶伤子，肯做肯劳，勤俭持家，中年劳，晚年吉祥。
923,10,座,金,清雅温和，多才伶俐，中年多灾或奔波，晚年吉祥。
924,10,芳,木,英敏雅气，多才温和，出外吉庆，荣贵隆昌，环境良好。
925,10,芬,木,带刀厄，幼年辛苦，少年艰难，中年吉祥，清雅伶俐，短寿之字。
926,10,粉,木,带刀厄，有爱情厄，刑偶伤子，中年有灾，晚年吉祥。
927,10,芙,木,秀气灵巧，清雅伶俐，中年劳，晚年吉祥，环境良好。
928,10,高,木,一生清雅，福禄双收，中年劳，晚年吉祥。
929,10,哥,木,福禄双收，口才伶俐，天生聪明，中年劳，晚年吉祥。
930,10,格,木,一生多福少劳，清雅伶俐，中年吉祥，晚年劳神。
931,10,根,木,英敏之才，特有人缘，上下敦睦，中年劳，晚年吉祥，父母无缘。
932,10,耕,木,清雅伶俐，理智充足，中年成功隆昌，环境良好，官运旺。
933,10,恭,木,幼年辛苦，身有暗病，中年吉祥，晚年劳神。
934,10,躬,木,身弱短寿，一生劳神，难得幸福，抱恨九泉。
935,10,贡,木,二子吉祥，多子短寿，中年吉祥，晚年劳神。
936,10,骨,木,不祥之字，病弱短寿，困苦一生，多灾难。
937,10,挂,木,智勇双全，清雅伶俐，中年成功隆昌，双妻之格，荣贵之字。
938,10,鬼,木,不祥之字，多灾难，病弱短寿，一生困苦，难得幸福。
939,10,桂,木,清雅伶俐，多才秀气，中年吉祥，成功隆昌，女人不幸。
940,10,核,木,奔波劳苦，多愁少乐，中年多灾，晚年吉祥。
941,10,笏,木,不祥之字，多灾难，暗淡无光，中年潦倒，晚年享福。
942,10,花,木,虚荣心强，有爱情厄，中年吉祥，晚年劳神或疾病。
943,10,桓,木,一生安享尊荣，多才廉正，中年成功隆昌，出国享福之字。
944,10,恢,木,一生清雅平凡，晚年吉祥。
945,10,姬,木,少年艰难，有爱情厄，中年多劳，晚年吉祥隆昌。
946,10,屐,木,刑偶伤子，有爱情厄，中年多劳，晚年吉祥，出外大吉。
947,10,笈,木,出外逢贵，清雅伶俐，中年多灾，事劳无功，晚年吉祥。
948,10,记,木,过房之格，清雅秀气，中年吉祥，晚年忧心劳神。
949,10,珈,木,一生多福，福禄双收，中年成功隆昌，环境良好。
950,10,家,木,出外吉祥，多才巧智，清雅伶俐，忌车怕水，晚年吉祥。
951,10,兼,木,英敏之才，特有人缘，上下敦睦，中年劳，晚年隆昌。
952,10,衿,木,温和伶俐，多才巧智，身弱多劳，中年有灾，晚年吉祥。
953,10,径,木,有爱情厄，刑偶伤子，身弱多病，中年劳，晚年吉祥。
954,10,矩,木,多才巧智，清雅荣贵，中年成功隆昌，名利双收。
955,10,俱,木,二子吉祥，多才伶俐，中年劳，晚年吉庆。
956,10,娟,木,有爱情厄，事劳无功，中年有灾，晚年吉祥，刑偶伤子。
957,10,库,木,安稳守己，温和伶俐，中年有灾，晚年吉祥。
958,10,括,木,清雅平凡，福禄双收，晚婚迟得子大吉，中年多灾，晚年吉祥。
959,10,栗,木,秀气巧妙，多才清雅，中年劳或奔波，晚年吉祥。
960,10,栖,木,多才巧智，清雅荣贵，中年有灾，晚年成功隆昌。
961,10,岂,木,英敏之才，多才巧智，清雅荣贵，中年吉祥，出国之字。
962,10,起,木,忧心劳神，暗淡无光，中年多灾，晚年吉祥。
963,10,气,木,有爱情厄，不幸而离乱，中年多灾，晚年吉祥。
964,10,虔,木,忧心劳神，事劳无功，中年多灾，晚年吉祥，不幸之字。
965,10,衾,木,温和慈祥，清雅伶俐，中年劳且奔波，晚年吉祥。
966,10,拳,木,多灾难，病弱短寿，有牢狱之灾，中年劳苦，晚年享福。
967,10,缺,木,多愁多劳，事劳无功，中年多灾，晚年享福。
968,10,桑,木,忧心劳神，事劳无功，中年有灾，晚年劳神，忌车怕水。
969,10,栓,木,多才巧智，清雅伶俐，中年劳，晚年吉祥。
970,10,笋,木,晚婚迟得子大吉，小心爱情厄，中年劳，晚年吉祥。
971,10,桃,木,刑偶欠子，有爱情厄，秀气多才，清雅伶俐，中年平，晚年吉祥。
972,10,桐,木,刑偶伤子，双妻之格，中年劳，晚年隆昌，荣华之字。
973,10,奚,木,福禄双收，清雅荣贵，中年吉祥，晚年隆昌，劳神之字。
974,10,校,木,暗路长行，出外吉祥，中年有灾，晚年吉祥。
975,10,芯,木,有爱情厄，秀气伶俐，多才温和，晚婚吉，荣贵吉祥。
976,10,芽,木,忧心劳神，有爱情厄，清雅秀气，中年吉祥，晚年劳神。
977,10,倚,木,福禄双收，中年有灾或有爱情厄，晚年享福。
978,10,娱,木,虚荣心强，有不幸之灾，中年多灾，晚年吉祥。
979,10,原,木,清雅荣贵，多才巧智，中年吉祥，晚年隆昌。
980,10,纭,木,多才巧智，清雅伶俐，中年成功隆昌，出国之格。
981,10,芸,木,温和贤淑，多才能干，中年成功隆昌，清雅荣贵，出国之格。
982,10,芷,木,温和贤能，多才多能，中年成功隆昌，环境良好。
983,10,株,木,病弱短寿，贤能温和，中年有灾，二子吉祥。
984,10,班,水,温和贤能，怀才不遇，中年劳，晚年吉祥，欠子之字。
985,10,豹,水,口快性刚，多才伶俐，中年劳，晚年吉祥，刑偶伤子，武将吉。
986,10,倍,水,天生聪明，福禄双收，名利有份，中年成功隆昌，出国之格。
987,10,俵,水,出外逢贵得财，一生清雅平凡，保守之格，晚年吉祥隆昌。
988,10,病,水,不祥之字，命途多舛，困苦一生。
989,10,秤,水,教育界大吉，一生清雅平凡，名利双收，女人有爱情厄。
990,10,臭,水,忧心劳神，刑偶伤子，中年多灾，晚年吉祥。
991,10,洞,水,刑偶伤子，中年奔波，多才巧智，晚年成功隆昌。
992,10,娥,水,天生聪明，一生清雅伶俐，自尊心强，中年吉祥，晚年劳神。
993,10,眠,水,一生清雅，多才巧智，温和贤能，中年劳，晚年吉祥。
994,10,派,水,性刚，英雄豪杰，出外逢贵，中年劳，晚年隆昌。
995,10,肪,水,清雅秀气，温和贤淑，中年成功隆昌，环境良好。
996,10,纺,水,肯做垦劳，重信义，中年吉祥，子孙鼎盛，晚年隆昌。
997,10,肥,水,忧心劳神，事劳无功，中年多灾，晚年吉祥。
998,10,纷,水,带刀厄，多刑克，刑偶伤子，中年多灾，晚年吉祥。
999,10,峰,水,义利分明，清雅荣贵，出外逢贵，成功隆昌，英俊多才。
1000,10,俸,水,刑克父母，清雅伶俐，中年多灾，晚年隆昌。
1001,10,服,水,忧心劳神，事劳无功，有才能理智，晚年成功吉昌。
1002,10,俯,水,清雅伶俐，刑偶欠子，中年吉祥，晚年劳神，环境良好。
1003,10,釜,水,一生福禄双收，名利有份，中年吉祥，晚年隆昌，环境良好。
1004,10,害,水,忌车怕水，福禄双收，刑偶欠子，中年劳苦，晚年吉祥。
1005,10,航,水,温和贤淑，一生清雅平凡，中年劳，晚年隆昌。
1006,10,耗,水,忧心劳神，清雅伶俐，中年劳，晚年吉祥。
1007,10,恨,水,忧心劳神，事劳无功，有爱情厄，中年吉祥，晚年劳神。
1008,10,恒,水,一生多福，清雅荣贵，中年成功隆昌。
1009,10,洪,水,一生清雅，温和伶俐，中年潦倒，晚年隆昌。
1010,10,候,水,一生清雅多灾，中年劳苦或潦倒，晚年吉祥。
1011,10,祜,水,温和伶俐，福禄双收，中年多灾或潦倒，晚年吉祥。
1012,10,活,水,福禄双收，秀气伶俐，中年成功隆昌，晚年劳神。
1013,10,津,水,秀气巧妙，理智充足，晚婚吉祥，中年成功隆昌。
1014,10,酒,水,身弱短寿，多忧少乐，中年多灾，晚年吉祥。
1015,10,洛,水,天生聪明，多才巧智，中年成功隆昌，子孙兴旺，出国之字。
1016,10,马,水,清雅多才，中年劳或奔波，晚年吉祥。
1017,10,秘,水,一生向上，智勇双全，勤俭建业，家声克振，成功隆昌。
1018,10,亩,水,多才巧智，清雅伶俐，中年吉祥，晚年隆昌，环境良好。
1019,10,纽,水,有爱情烦恼，身弱短寿，中年劳，晚年吉祥。
1020,10,畔,水,刑偶伤子，奔波劳苦，中年吉祥，晚年劳神多病。
1021,10,旁,水,忧心劳神，事劳无功，中年劳苦，晚年吉祥。
1022,10,配,水,忧心劳神，迟得子，二子吉祥，中年劳，晚年吉祥。
1023,10,疲,水,身弱短寿，怀才不遇，中年多灾，一生难得幸福。
1024,10,珀,水,学识丰富，温和贤能，英俊才人，成功隆昌，忌车怕水，女人有爱情厄。
1025,10,圃,水,精明公正，智勇双全，一生清雅荣贵，成功隆昌。
1026,10,洽,水,福禄双收，多才伶俐，中年成功隆昌，双妻之格，名利之字。
1027,10,洒,水,多才巧智，英俊佳人，中年成功隆昌，出国之格，荣贵之字。
1028,10,杀,水,忧心劳神，多疾病，中年多灾，晚年隆昌。
1029,10,纱,水,小巧伶俐，清雅秀气，小心爱情厄，晚年吉祥，欠子之字。
1030,10,娑,水,多相克，事劳无功，中年有灾，晚年难得幸福。
1031,10,纹,水,刑偶欠子，肯做肯劳，重信用，再嫁之字，晚年隆昌。
1032,10,蚊,水,清雅伶俐，肯做肯劳，重信义，中年离乱，晚年吉祥，刑偶伤子。
1033,10,务,水,刑克父母，刑偶伤子，中年多灾，晚年吉祥，短寿之字。
1034,10,洗,水,出外吉祥，刑偶伤子，清雅多才，中年多灾，晚年隆昌。
1035,10,效,水,多才巧智，清雅伶俐，中年成功隆昌，晚年吉祥，环境良好。
1036,10,恤,水,带血字，多刑克，多灾难，恶死凶亡，病弱短寿，难得幸福。
1037,10,训,水,一生清雅平凡，晚婚大吉，双妻之格，多灾难，怀才不遇。
1038,10,洋,水,清雅伶俐，多能多才，中年吉祥隆昌，幸福之字。
1039,10,耘,水,天生聪明，多才巧智，中年吉祥，晚年劳神。
1040,10,洲,水,克父命，刑偶伤子，中年奔波劳苦，身有暗疾，晚年隆昌。
1041,10,耻,火,三心两意，内心多忧，欠勇气，晚年吉祥。
1042,10,玳,火,秀气巧妙，清雅伶俐，出外吉祥，中年劳，晚年隆昌，一生多福。
1043,10,岛,火,天生聪明，一生清雅多才，中年或奔波劳，晚年吉祥。
1044,10,娣,火,清雅多才，英敏伶俐，福禄双收，成功隆昌，出国之字。
1045,10,冻,火,清雅平凡，多才巧智，中年吉祥，晚年隆昌，刑偶伤子。
1046,10,恕,火,怀才不遇，潦倒一生，清雅多才，无运之格，晚年吉祥。
1047,10,耿,火,一生清雅，缘和四海，中年劳或潦倒，晚年吉祥。
1048,10,烘,火,性刚果断，秀气巧妙，多才有能，中年吉祥，晚年劳神。
1049,10,疾,火,灾祸重重，难得成功，不祥之字，多灾难，恶死凶亡之字。
1050,10,晋,火,孤独格，晚婚吉祥，中年隆昌，环境良好，晚年劳神。
1051,10,朗,火,天生聪明，上下敦睦，多才巧智，中年成功隆昌，幸福之字。
1052,10,娌,火,清雅伶俐，子孙兴旺，中年成功隆昌，荣贵幸福，环境良好。
1053,10,凉,火,夫妻有刑，晚见子吉，中年劳，晚年吉祥。
1054,10,料,火,清雅伶俐，有爱情厄，中年劳，晚年隆昌，环境良好。
1055,10,烈,火,性刚口快，出外大吉，刑偶欠子，中年劳，晚年吉昌，官旺之字。
1056,10,玲,火,清秀巧妙，多才有能，中年成功隆昌，但有爱情厄，出国之字。
1057,10,凌,火,有爱情烦恼，清雅多才，中年成功隆昌，晚年吉祥。
1058,10,留,火,肯做肯劳，多才巧智，中年成功隆昌，出国之字。
1059,10,伦,火,学识渊博，官运旺盛，安富尊荣，出国之字，成功隆昌，孤独格。
1060,10,耄,火,孤独怪性，刑偶伤子，病弱短寿，难得幸福。
1061,10,纳,火,刑偶伤子，身弱多病，中年有灾，晚年吉祥。
1062,10,衲,火,温和贤淑，具有美德，中年劳或潦倒，晚年吉祥。
1063,10,能,火,刑偶伤子，中年奔波或劳苦，晚年吉祥，有爱情厄。
1064,10,娘,火,温和贤淑，肯做肯劳，勤俭持家，中年吉祥，晚年隆昌。
1065,10,秦,火,清秀巧妙，多才巧智，中年成功隆昌，出国之字。
1066,10,朔,火,英俊佳人，一生清雅多才，中年成功隆昌，出国之字，欠子之字。
1067,10,唐,火,福禄双收，谋为出众，中年不利，有灾难，晚年吉祥。
1068,10,讨,火,口快性刚，出外吉祥，中年劳或潦倒，晚年吉祥。
1069,10,特,火,口快心直，刑偶伤子，中年吉祥，晚年多灾，忌车怕水。
1070,10,恬,火,口快心直，性刚果断，晚婚大吉，中年吉祥，晚年多病。
1071,10,条,火,英俊佳人，清雅多才，中年成功隆昌，环境良好。
1072,10,庭,火,精明公正，义利分明，清雅荣贵，中年成功隆昌，出国之字。
1073,10,徒,火,忧心劳神，事劳无功，中年多灾，晚年吉祥。
1074,10,夏,火,出外吉祥，小心爱情厄，多才贤能，秀气温和，中年劳，晚年隆昌。
1075,10,畜,火,一生清雅伶俐，中年吉祥，晚年隆昌。
1076,10,烜,火,学问丰富，有才能理智，中年成功隆昌，出国之字。
1077,10,旃,火,口快心直，多才有能，中年吉祥，晚年隆昌，环境良好。
1078,10,展,火,多才贤能，聪明伶俐，中年成功隆昌，出国之字。
1079,10,珍,火,口快多才，兄弟无靠，中年劳，成功隆昌，女人孤独，清秀伶俐。
1080,10,朕,火,刑偶伤子，出外吉祥，中年劳，晚年隆昌但劳神。
1081,10,值,火,义利分明，名利双收，温和贤能，成功隆昌，环境良好。
1082,10,秩,火,病弱短寿，忧心劳神，中年吉祥，晚年多病。
1083,10,致,火,理智充足，清雅荣贵，中年奔波劳苦，晚年吉祥。
1084,10,倬,火,怀才不遇，出外吉祥，一生多灾，难得成功，晚年吉祥。
1085,10,案,土,忧心劳神，事劳无功，一生困苦，多灾难。
1086,10,盎,土,带血字，出外吉祥，刑偶伤子，身弱短寿，中年劳，晚年吉祥。
1087,10,城,土,多才巧智，清雅温和，中年成功隆昌，晚年忧心劳神。
1088,10,峨,土,口快心直，身瘦多病，中年劳，晚年成功隆昌，出国之格。
1089,10,恩,土,清雅伶俐，多才多能，中年吉祥，晚年劳神，双妻之格。
1090,10,个,土,性刚灵活，孤独之格，英雄豪杰，中年多灾，晚年荣幸。
1091,10,埋,土,有爱情厄，忧心劳神，怀才不遇，中年多灾，晚年吉祥。
1092,10,破,土,不祥之字，病弱短寿或困苦，难得幸福。
1093,10,窃,土,清雅秀气，中年劳，晚年吉祥。
1094,10,容,土,福禄双收，多才伶俐，二子吉祥，中年隆昌，晚年清闲。
1095,10,翁,土,多才有能，温和伶俐，中年苦中得甘，晚年吉祥。
1096,10,峡,土,不详多灾，病弱短寿，一贫如洗，一生难幸福。
1097,10,十,土,温和贤淑，缘和四海，上下敦睦，成功隆昌。
1098,10,画,土,晚婚迟得子大吉，秀气伶俐，中年劳，晚年吉祥。
1099,10,宴,土,子孙兴旺，秀气多才，中年劳或有灾，晚年吉祥。
1100,10,晏,土,英敏之才，上下敦睦，出外贵人明现，官运旺，成功隆昌。
1101,10,殷,土,出外吉祥，清雅多才，中年劳或奔波，晚年隆昌。
1102,10,育,土,精明公正，义利分明，英俊人才，清雅荣贵，中年成功隆昌。
1103,10,员,土,二子吉祥，多才贤能，中年吉祥，福禄双收，晚年隆昌，欠子之字。
1104,10,袁,土,出外吉祥，多才无运，中年劳苦，晚年隆昌。
1105,10,砧,土,忧心劳神，多刑克，一生多灾，难得幸福，不祥之字。
1106,10,准,土,多才巧智，清雅伶俐，二子吉祥，中年成功隆昌。
1107,11,彩,金,清雅伶俐，多才巧智，中年平凡，晚年吉祥，双妻之格。
1108,11,参,金,肯做肯劳，重信义，三子吉祥，出外吉，中年劳，晚年吉祥。
1109,11,曹,金,一生清雅多才，晚婚大吉，中年劳，晚年隆昌。
1110,11,侧,金,重信用，一生清雅，中年多劳或奔波，晚年吉祥。
1111,11,钗,金,多才温和，清雅伶俐，中年劳，晚年吉祥。
1112,11,产,金,幼年辛苦，中年吉祥，晚年隆昌，环境良好，清荣之字。
1113,11,常,金,机谋多变，心性易动，中年吉祥，晚年劳神。
1114,11,唱,金,一生身弱短寿，刑偶伤子，中年吉祥，晚年隆昌。
1115,11,巢,金,早成功，早失败，中年成功，晚年劳苦，一生保守。
1116,11,晨,金,天生聪明，清雅荣贵，中年成功隆昌，出国之格，幸福之字。
1117,11,匙,金,清雅秀气，多才伶俐，中年吉祥，晚年劳神。
1118,11,崇,金,英俊多才，清雅荣贵，中年小心爱情厄，成功，环境良好。
1119,11,紬,金,多才伶俐，能干理智，中年有灾，怀才不遇，晚年吉祥。
1120,11,处,金,出外大吉，性格多变，中年劳，晚年吉祥。
1121,11,船,金,奔波劳苦，刑偶伤子，中年奔波，晚年吉祥。
1122,11,钏,金,忧心劳神，有爱情厄，中年劳苦，晚年吉祥。
1123,11,粗,金,秀气巧妙，多才伶俐，中年劳，晚年吉祥。
1124,11,得,金,晚婚迟得子大吉，中年多劳，晚年吉祥。
1125,11,钓,金,学识丰富，操守廉正，官运旺，中年成功隆昌，出国之字。
1126,11,钒,金,英俊清秀，有爱情厄，中年劳，晚年吉祥隆昌。
1127,11,副,金,多才巧智，内心多忧，怀才不遇，中年劳，晚年隆昌。
1128,11,寂,金,温和贤淑，勤俭伶俐，名利双收，出外吉祥，荣贵之字。
1129,11,祭,金,刑偶伤子，有爱情厄，中年离乱，晚年安详。
1130,11,旌,金,英俊佳人，上下敦睦，温和慈祥，成功隆昌，环境良好。
1131,11,勘,金,欠子或多子，刑偶之字，中年吉庆，环境良好，晚年身闲。
1132,11,馗,金,多才贤能，精明公正，中年平凡，晚年隆昌，荣华之字。
1133,11,率,金,身弱短寿，一贫如洗，中年多灾，晚年吉祥。
1134,11,佩,金,秀气巧妙，多才巧智，中年成功隆昌，清雅荣贵。
1135,11,阡,金,环境良好，一生清雅，中年成功隆昌，荣贵之字。
1136,11,雀,金,身瘦秀气，克父命，小心爱情厄，中年吉祥，晚年劳神，短寿之字。
1137,11,商,金,福禄有进，名利有份，中年劳神，晚年吉祥，幸福之字。
1138,11,绍,金,义利分明，智勇双全，带刀厄，刑偶欠子，官旺，晚年隆昌。
1139,11,设,金,一生清雅多才，刑偶伤子，出外吉祥，有爱情厄，自杀短寿。
1140,11,赦,金,奔波劳苦，性刚口快，中年多劳，晚年吉祥。
1141,11,绅,金,有爱情厄，清雅多才，温和慈祥，晚年隆昌。
1142,11,庶,金,勤俭建业，家声克振，官运旺，中年平凡，晚年吉祥，清雅荣贵。
1143,11,爽,金,性格复杂，有能无运，中年吉祥，晚年劳神。
1144,11,讼,金,口才伶俐，天生聪明，一生清雅伶俐，成功隆昌，环境良好。
1145,11,宿,金,忧心劳神，事劳无功，中年吉祥，晚年劳神，守寡之字。
1146,11,问,金,福禄双收，多才伶俐，命硬，有破相之灾，忌车怕水，晚年吉祥。
1147,11,悉,金,忧心劳神，肯做肯劳，无运多灾，有爱情厄，再嫁守寡之字。
1148,11,细,金,智勇双全，清雅伶俐，中年成功隆昌，环境良好，有爱情厄。
1149,11,祥,金,英敏伶俐，天生聪明，刑偶欠子，暗淡不幸，晚年吉祥。
1150,11,斜,金,出外吉祥，贵人明现，中年多劳，晚年吉祥。
1151,11,羞,金,忧心劳神，身弱多病，中年多灾，晚年享福。
1152,11,袖,金,出外大吉，勤俭持家，清雅伶俐，中年平，晚年吉祥。
1153,11,旋,金,才智出众，福禄双收，出外吉祥，刑偶之字，晚年隆昌。
1154,11,悦,金,清雅伶俐，多才巧智，出外吉祥，刑偶伤子，成功隆昌。
1155,11,责,金,智勇双全，一生清雅荣贵，二子吉祥，成功隆昌，环境良好。
1156,11,扎,金,有爱情厄，温和贤能，中年劳或潦倒，晚年吉祥。
1157,11,趾,金,秀气多才，贤能伶俐，中年有灾，晚年幸福吉祥。
1158,11,终,金,暗淡无光，不祥之字，难成功，多灾难，不幸之字。
1159,11,珠,金,有爱情烦恼，病弱短寿，多灾难，晚年吉祥。
1160,11,专,金,清雅秀气，事劳无功，刑偶多灾，中年劳，晚年吉祥。
1161,11,紫,金,有爱情厄，秀气伶俐，中年吉祥，晚年劳神，多病或短寿。
1162,11,组,金,福禄双收，清雅荣贵，中年劳，晚年吉祥。
1163,11,彬,木,清雅荣贵，多才巧智，智勇双全，阴藏不露，不祥之格。
1164,11,笞,木,少乐多忧，怀才不遇，福禄双收，中年吉祥，晚年隆昌。
1165,11,崔,木,一生清雅，理智充足，中年劳苦，晚年吉祥。
1166,11,笛,木,清雅多才，理智充足，中年吉祥，晚年吉昌，荣贵之字。
1167,11,偶,木,忧心劳神，怀才不遇，命途多舛，中年多灾，晚年吉祥。
1168,11,符,木,刑偶伤子，清雅身瘦，中年奔波，晚年吉祥。
1169,11,敢,木,性刚口快，意志坚强，抱负大，中年多灾，晚年吉祥。
1170,11,梗,木,刑偶欠子，克父命，温和伶俐，中年劳，晚年吉祥，短寿之字。
1171,11,规,木,理智充足，性刚口快，一生清闲，中年劳，晚年吉祥。
1172,11,国,木,多才巧智，清雅伶俐，忌车怕水，教育界大吉，成功隆昌，官旺之字。
1173,11,悍,木,性刚果断，通奸害夫，被杀杀人，恶死凶亡。
1174,11,寄,木,为人快乐，内心多忧，身弱多灾，中年劳，晚年吉祥。
1175,11,袈,木,性刚果断，刑偶伤子，中年劳苦，晚年吉祥，劳神之字。
1176,11,坚,木,清雅荣贵，智勇双全，中年成功隆昌，出国之格，官旺之字。
1177,11,彬,木,清雅荣贵，多才巧智，智勇双全，阴藏不露，不祥之格。
1178,11,笞,木,少乐多忧，怀才不遇，福禄双收，中年吉祥，晚年隆昌。
1179,11,崔,木,一生清雅，理智充足，中年劳苦，晚年吉祥。
1180,11,笛,木,清雅多才，理智充足，中年吉祥，晚年吉昌，荣贵之字。
1181,11,偶,木,忧心劳神，怀才不遇，命途多舛，中年多灾，晚年吉祥。
1182,11,符,木,刑偶伤子，清雅身瘦，中年奔波，晚年吉祥。
1183,11,敢,木,性刚口快，意志坚强，抱负大，中年多灾，晚年吉祥。
1184,11,梗,木,刑偶欠子，克父命，温和伶俐，中年劳，晚年吉祥，短寿之字。
1185,11,规,木,理智充足，性刚口快，一生清闲，中年劳，晚年吉祥。
1186,11,健,木,智勇双全，操守廉正，中年成功隆昌，清雅荣贵，出外大吉，官旺。
1187,11,皎,木,少年秀气伶俐，中年多才，名利双收，晚年环境良好。
1188,11,教,木,吉凶分明，吉则成功隆昌，环境良好，凶则一生多病，孑然一生。
1189,11,近,木,奔波劳苦，多才巧智，潦倒一生，晚年享福。
1190,11,竟,木,工程界大吉，英敏多才，出外吉祥，晚年隆昌。
1191,11,救,木,出外吉祥，晚婚迟见子吉，中年隆昌，晚年吉祥。
1192,11,眷,木,多乐少忧，身弱多病，忌车怕水，中年多劳，晚年享福。
1193,11,康,木,一生清雅伶俐，多有才能，中年身弱，晚年吉祥。
1194,11,寇,木,一生多灾，性刚果断，中年奔波，晚年吉祥。
1195,11,苦,木,命途多舛，一生贫困，难得幸福，病弱短寿，恶死凶亡。
1196,11,笠,木,刑偶伤子，病弱短寿，清秀多才，晚年吉祥。
1197,11,茂,木,刑偶伤子，双妻之格，清雅多才，中年劳，晚年隆昌，忌车怕水。
1198,11,梅,木,小心爱情厄，吉凶分明，出国成功隆昌，自杀不幸，一生多灾。
1199,11,启,木,清雅荣贵，刑偶欠子，中年吉祥，出国之格，身弱短寿。
1200,11,乾,木,清雅荣贵，长寿多才，克己助人，中年吉祥，晚年隆昌，女人刑偶伤子，晚婚大吉。
1201,11,卿,木,有爱情厄，忧心劳神，刑偶伤子，性刚，晚年吉祥，不祥之字。
1202,11,顷,木,二子吉祥，中年劳，晚年隆昌吉祥。
1203,11,区,木,忧心劳神，身弱多病，中年多灾，晚年吉祥。
1204,11,圈,木,清雅荣贵，重信用，中年吉祥，环境良好。
1205,11,若,木,福禄双收，孤独格，刑偶伤子，中年潦倒，晚年吉祥。
1206,11,梢,木,刑偶伤子，一生清雅多才，中年多劳，晚年吉祥，欠子之字。
1207,11,苕,木,带刀厄运缠身，刑偶伤子，中年吉祥，福禄双收。
1208,11,笙,木,精力旺盛，双妻之格，名利有份，幸福之字。
1209,11,倏,木,天生聪明，多才多能，中年勤俭建业，成功隆昌，出国之字。
1210,11,崧,木,学识渊博，操守廉正，中年成功隆昌，环境良好，出国之字。
1211,11,梯,木,一生清雅伶俐，理智充足，英雄豪杰，中年成功隆昌。
1212,11,桶,木,离祖成功，清雅多才，忌车怕水，中年劳，晚年隆昌。
1213,11,梧,木,清雅多才，义利分明，中年吉祥，晚年隆昌，环境良好。
1214,11,悟,木,性刚口快，豪爽伶俐，福禄双收，名利有份，成功隆昌。
1215,11,晤,木,清雅伶俐，多才有能，中年吉祥，环境良好，名利双收。
1216,11,偕,木,出外吉祥，晚婚迟见子吉，中年劳，晚年吉祥享福。
1217,11,械,木,口快性刚，忌车怕水，病弱短寿，刑克父母，晚年吉祥。
1218,11,许,木,一生清雅平凡，多才伶俐，中年劳，晚年吉祥。
1219,11,研,木,,刑克父母，刑偶伤子，中年多劳，晚年吉祥。
1220,11,眼,木,忧心劳神，事劳无功，潦倒一生，晚年吉祥。
1221,11,翊,木,有爱情厄，清秀巧妙，多才但中年多灾，晚年吉祥。
1222,11,英,木,天生聪明，气度恢弘，中年成功隆昌，小心爱情厄，出国之格。
1223,11,苑,木,秀气英敏，义利分明，贵人明现，中年成功隆昌，享福之字。
1224,11,梓,木,一生清雅荣贵，智勇双全，官运旺，成功隆昌，环境良好。
1225,11,绊,水,有爱情厄，多才巧智，清雅伶俐，中年有灾，晚年吉祥。
1226,11,邦,水,孤独格，兄弟无缘，多才伶俐，英敏巧智，中年隆昌，晚年劳神，欠子之字。
1227,11,败,水,生在富家，败散或恶死凶亡，不幸之字，暗淡多灾。
1228,11,胞,水,刑偶伤子，身弱多病，清雅伶俐，晚年吉祥。
1229,11,被,水,口快性刚，事劳无功，身弱短寿，一生幸福。
1230,11,匾,水,多才巧智，一生清雅贤能，中年隆昌，环境良好，荣幸之字。
1231,11,彪,水,智勇双全，清雅多才，中年劳，晚年吉祥，武官大吉。
1232,11,斌,水,多才伶俐，清雅荣贵，成功隆昌，忌车怕水，短寿之字。
1233,11,捕,水,贫苦渐进，白手成家，中年吉祥，晚年劳神。
1234,11,讹,水,忧心劳神，身弱多病，中年奔波，晚年吉祥。
1235,11,苗,水,秀气巧妙，清雅贤淑，中年吉祥，晚年隆昌。
1236,11,徘,水,一生清雅平凡，保守之格，中年潦倒，晚年吉祥。
1237,11,婞,水,小心爱情厄，清雅多才，中年隆昌，晚年劳神。
1238,11,贩,水,一贫如洗，潦倒一生，中年多灾，难得幸福，忧心劳神。
1239,11,访,水,勤俭建业，家声克振，福禄双收，环境良好，晚年劳神。
1240,11,浮,水,虚荣心强，清雅伶俐，中年多劳，晚年享福。
1241,11,妇,水,秀气温和，暗淡之字，中年有灾，晚年吉祥。
1242,11,海,水,忧心劳神，多才清雅，中年吉祥，晚年劳神。
1243,11,毫,水,多才巧智，义利分明，清雅伶俐，中年劳，晚年吉祥。
1244,11,浩,水,学问丰富，清雅荣贵，福禄双收，官运旺，成功隆昌。
1245,11,凰,水,天生聪明，清雅荣贵，中年成功隆昌，官运旺，荣贵之字。
1246,11,晦,水,英俊之才，勤俭多才，家声克振，中年成功隆昌，荣贵之字。
1247,11,婚,水,刑偶伤子，一生清雅伶俐，晚婚吉，中年劳，晚年吉祥。
1248,11,货,水,忧心劳神，事劳无功，一生中年劳，晚年吉祥。
1249,11,浸,水,忧愁困苦，一生贫贱，病弱短寿，多灾难，晚年享福。
1250,11,涓,水,清雅伶俐，多才巧智，有爱情厄，中年吉祥，晚年劳神。
1251,11,浚,水,英敏多才，清雅荣贵，中年成功隆昌，出国富贵。
1252,11,浪,水,性刚果断，奔波劳苦，晚婚吉祥，中年多劳，晚年吉祥。
1253,11,流,水,晚婚迟见子或欠子，贵人明现，中年奔波，晚年荣幸。
1254,11,麻,水,清雅多才，一生福禄双收，中年劳苦，晚年吉祥，环境良好。
1255,11,麦,水,忧心劳神，损丁破财，有爱情烦恼，晚年享福。
1256,11,曼,水,理智充足，清雅荣贵，出国之格，中年成功隆昌。
1257,11,密,水,刑偶伤子，口快心直，中年潦倒，晚年吉祥。
1258,11,敏,水,有爱情厄，多才温和，清雅荣贵，出国之格，劳神之字。
1259,11,胖,水,刑偶伤子，忧心劳神，中年潦倒，晚年吉祥。
1260,11,袍,水,出外逢贵得财，中年多灾，身弱短寿，晚年吉祥。
1261,11,匏,水,忧心劳神，百事苦劳，病弱短寿，恶死凶亡。
1262,11,偏,水,口快性刚，清雅多才，中年多灾，晚年劳神。
1263,11,票,水,有爱情厄，一生清雅伶俐，中年多灾，晚年吉祥。
1264,11,婆,水,一贫如洗，忧心劳神，中年多灾，潦倒一生，晚年享福。
1265,11,粕,水,秀气端庄，温和贤淑，夫妻相和，一门鼎盛，成功隆昌。
1266,11,浦,水,勤俭建业，家声克振，中年有灾，出国吉祥，成功隆昌。
1267,11,涕,水,秀气多才，温和贤能，中年吉祥，一生安享幸运。
1268,11,涂,水,英俊才人，清雅荣贵，一门鼎盛，中年吉祥，安详之字。
1269,11,晚,水,刑偶欠子，中年劳苦，有离乱之祸，晚年隆昌。
1270,11,望,水,清雅荣贵，多才伶俐，官旺格，中年劳，晚年吉祥。
1271,11,习,水,天生聪明，勤俭建业，成功隆昌，女人不幸多灾，短寿之字。
1272,11,涎,水,精明公正，克己助人，中年成功隆昌，官运旺，享福之字。
1273,11,消,水,暗淡无光，忧心劳神，刑偶伤子，中年劳，晚年吉祥。
1274,11,虚,水,多愁少乐，事劳无功，一生多灾，难得幸福。
1275,11,雪,水,薄幸之字，再嫁守寡，中年多灾，晚年吉祥。
1276,11,鱼,水,一生清雅多才，温和贤能，福禄双收，中年劳，晚年吉祥。
1277,11,浴,水,福禄双收，义利分明，中年吉祥，双妻之格，晚年劳神。
1278,11,浙,水,忧心劳神，事劳无功，中年有灾，晚年隆昌。
1279,11,敕,火,刑克父母，孤独奔波，中年多灾，晚年吉祥。
1280,11,从,火,离祖成功，清雅多才，中年成功隆昌，环境良好，福寿兴家。
1281,11,带,火,身犯破，身弱多病，中年有爱情烦恼，再嫁守寡，晚年吉祥。
1282,11,袋,火,奔波劳苦，身弱多病，孤寡一生，中年困苦，晚年享福。
1283,11,盗,火,不祥之字，忧心劳神，一生潦倒，晚年享福。
1284,11,顶,火,身弱短寿，刑偶欠子，中年劳苦，晚年吉祥。
1285,11,动,火,清雅多才，刑偶伤子，口快心直，中年劳，晚年隆昌，双妻之格。
1286,11,烽,火,多才巧智，温和贤能，工程界大吉，中年平凡，晚年成功隆昌。
1287,11,斛,火,性刚口快，出外吉祥，中年隆昌，环境良好。
1288,11,将,火,病弱短寿，多忧少乐，环境良好，忌车怕水，荣贵隆昌。
1289,11,狷,火,有爱情烦恼，少年艰难，中年吉祥，晚年劳神，欠子之字。
1290,11,梨,火,刑偶伤子，清雅多才，中年有灾，晚年吉昌，环境良好。
1291,11,犁,火,忧心劳神，忌车怕水，中年劳苦，晚年吉祥。
1292,11,粒,火,忧心劳神，身弱短寿，离乱不幸，再嫁守寡之字。
1293,11,梁,火,一生清雅，多才口快性刚，中年奔波，劳苦，晚年吉祥。
1294,11,聊,火,一生清雅平凡，保守之格，中年劳，晚年吉祥。
1295,11,羚,火,清荣伶俐，学识丰富，中年成功隆昌，官运旺，出国之字。
1296,11,翎,火,学问丰富，操守廉正，官运旺，清雅荣贵，出国之字。
1297,11,聆,火,清雅秀气，多才贤能，中年吉祥，晚年隆昌，幸福之字。
1298,11,鹿,火,秀气多才，清雅荣贵，重情失败，中年劳，晚年吉祥。
1299,11,略,火,义利分明，天生聪明，福禄双收，成功隆昌，环境良好。
1300,11,那,火,清雅伶俐，秀气巧妙，中年成功隆昌，晚年劳神。
1301,11,戚,火,一生清雅多才，清闲享福，中年多劳，晚年吉祥。
1302,11,软,火,一生清雅秀气，保守平凡，中年劳，苦中得甘，晚年吉祥。
1303,11,晟,火,一生安详多才，子孙兴旺，中年吉祥，官运旺，出国之字。
1304,11,胎,火,清雅伶俐，多才贤能，中年吉祥，成功隆昌，欠子之字。
1305,11,悌,火,智勇双全，天生聪颖，中年成功隆昌，清雅荣贵，出国之字。
1306,11,停,火,有爱情烦恼，病弱短寿，刑偶伤子，中年多灾，晚年吉祥。
1307,11,豚,火,刑偶欠子，出外吉祥，中年多劳，晚年吉祥。
1308,11,袜,火,忧心劳神，刑偶伤子，中年多劳，晚年吉祥。
1309,11,烷,火,多才巧智，温和贤能，中年吉祥，成功隆昌，晚年劳神。
1310,11,张,火,性刚口快，克父命，中年潦倒或奔波，晚年吉祥。
1311,11,章,火,出外贵人明现，晚婚大吉，双妻之格，中年劳，晚年吉祥荣贵。
1312,11,帐,火,过房之格，一生清雅多才，中年劳，晚年吉祥。
1313,11,侦,火,福禄双收，名利永在，二子吉祥，清雅荣贵，中年成功隆昌。
1314,11,振,火,清雅多才，温和贤淑，双妻之格，中年成功隆昌，二子吉祥。
1315,11,执,火,性刚果断，身弱短寿，出外吉祥，忌车怕水，晚福之字。
1316,11,庵,土,忧心劳神，事劳无功，中年多灾，晚年吉祥。
1317,11,崩,土,刑偶伤子，刑克父母，一生多灾，难得幸福，病弱短寿。
1318,11,胡,土,多才巧智，清雅伶俐，中年虽劳，成功隆昌，晚年子孙兴旺。
1319,11,基,土,口快性刚，配合吉成功隆昌，配合凶杀人被杀，有牢狱之灾。
1320,11,堀,土,忧心劳神，事劳无功，中年多灾，晚年吉祥。
1321,11,培,土,勤俭建业，家声克振，中年吉祥，出国之字，名利双收。
1322,11,崎,土,忧心劳神，有意外之灾，多才伶俐，福禄有份，晚年吉祥。
1323,11,牵,土,刑偶伤子，忌车怕水，中年多灾，一生难幸福，短寿之字。
1324,11,堂,土,刑偶伤子，多才有能，中年成功隆昌，晚年损丁破财，劳神之字。
1325,11,窕,土,秀气巧妙，温和贤淑，小心爱情厄，出外吉祥，晚年享福。
1326,11,眺,土,常有祸端，身弱短寿，中年多灾，晚年享福。
1327,11,婉,土,清雅秀气，有才能理智，中年成功隆昌，出国之格。
1328,11,唯,土,衣食丰足，清雅贤能，福禄双收，成功隆昌。
1329,11,伟,土,多才巧智，清雅伶俐，小心爱情厄，中年成功隆昌，晚年吉祥。
1330,11,尉,土,多才巧智，天生伶俐，中年吉祥，晚年隆昌，荣幸之字。
1331,11,偃,土,刑偶伤子，晚婚迟得子大吉，中年劳，晚年吉祥。
1332,11,野,土,一生清雅温和，中年吉祥，晚年隆昌，劳神之字。
1333,11,移,土,有爱情厄，刑偶伤子，命途多舛，中年劳，晚年吉祥。
1334,11,异,土,智勇双全，二子吉祥，克己助人，内心多忧，晚年吉祥。
1335,11,寅,土,一生清雅多才，保守之格，官旺，中年吉祥，晚年劳神。
1336,11,庸,土,义利分明，温和贤能，事业吉昌，环境良好，欠子之字。
1337,11,悠,土,清雅伶俐，多才巧智，中年劳，但吉祥，晚年隆昌，劳神之字。
1338,11,域,土,怀才不遇，病弱短寿，中年多灾，晚年吉祥，劳苦之字。
1339,11,欲,土,刑偶伤子，奔波劳苦，晚婚大吉，中年劳，晚年吉祥。
1340,11,峥,土,外观幸福，内心多忧，一生清雅平凡，多才伶俐，成功吉祥。
1341,12,裁,金,胆识丰富，清雅荣贵，中年吉祥，多才贤能，晚年劳神。
1342,12,残,金,忧心劳神，事劳无功，身弱短寿，女人再嫁之字。
1343,12,钞,金,忧心劳神，事劳无功，中年虽劳，晚年吉祥。
1344,12,超,金,带刀厄，刑偶伤子，中年吉祥，智勇双全，晚年劳神，出国之字。
1345,12,朝,金,智勇双全，名利双收，清雅荣贵，晚年成功隆昌。
1346,12,窗,金,忧心劳神，怀才不遇，中年奔波或劳苦，晚年吉祥。
1347,12,创,金,带刀厄，英敏秀气，清雅伶俐，二子吉祥，中年劳，晚年隆昌。
1348,12,词,金,一生清雅伶俐，名利双收，福寿荣贵，中年隆昌，环境良好。
1349,12,措,金,温和贤淑，福寿兴家，中年吉祥，晚年隆昌，慈祥之字。
1350,12,钝,金,清雅多才，秀气英俊，中年劳，晚年吉祥，环境良好。
1351,12,贰,金,二子吉祥，一生清雅多才，中年劳，晚年吉祥，子孙兴旺。
1352,12,舒,金,一生清雅荣贵，理智充足，中年平凡，晚年吉祥。
1353,12,黍,金,忧心劳神，事劳无功，中年多劳，晚年吉祥。
1354,12,割,金,带刀厄，忧心劳神，事劳无功，一生平凡，多灾难，短寿之字。
1355,12,壶,金,有爱厄，清秀伶俐，福禄双收，出外吉祥，荣贵之字。
1356,12,绝,金,不祥之字，多灾难，病弱短寿，一生难幸福，再嫁守寡之字。
1357,12,钧,金,学识渊博，操守廉正，克己助人，清雅荣贵，富贵之字。
1358,12,竣,金,名利双收，出外贵人现，官运旺，出国之字，成功隆昌。
1359,12,钠,金,天生聪颖，清雅荣贵，中年平凡，晚年吉昌，环境良好。
1360,12,甯,金,天生聪颖，多才贤能，中年吉祥，晚年隆昌，环境良好，出国之格。
1361,12,钮,金,有爱情烦恼，清雅伶俐，中年多灾，晚年吉祥，刑偶伤子。
1362,12,钦,金,克父命，一生清雅平凡，中年劳，晚年隆昌，荣贵之字。
1363,12,情,金,刑偶伤子，一生清雅伶俐，有爱情厄，晚年吉祥。
1364,12,然,金,天生聪明，清雅荣贵，中年吉祥，晚年隆昌，环境良好。
1365,12,韧,金,奔波劳苦，有爱情烦恼，中年多灾，晚年吉祥。
1366,12,绒,金,性刚清雅，少年艰难，有爱情厄，中年劳，晚年吉昌。
1367,12,散,金,刑偶伤子，出外大吉，中年劳苦多灾，晚年吉祥。
1368,12,善,金,福禄双收，名利有份，温和贤能，中年吉祥，晚年隆昌。
1369,12,稍,金,刑偶伤子，一生清雅伶俐，小心爱情厄，晚年吉祥。
1370,12,胜,金,英敏之才，早婚短寿，晚婚平静，中年有灾，晚年吉祥。
1371,12,甥,金,一生清雅多才，英俊贤能，中年劳，晚年环境良好。
1372,12,盛,金,带血字，多相克，因爱情而意外自杀或牢狱，忌车怕水，短寿之字。
1373,12,剩,金,带刀厄，暗淡无光，一贫如洗，病弱短寿，多灾难。
1374,12,视,金,性刚口快，英雄格，出外吉祥，中年劳，晚年劳神多病。
1375,12,授,金,肯做肯劳，重信义，中年多灾，晚年吉祥，短寿之字。
1376,12,税,金,出外吉祥，一生清雅多才，中年劳，晚年吉祥，欠子之字。
1377,12,顺,金,多才贤能，清雅荣贵，中年平凡，晚年吉祥，忌车怕水。
1378,12,舜,金,英俊佳人，清雅多才，中年平凡或奔波，晚年吉祥，克父之字。
1379,12,丝,金,清秀伶俐，温和贤能，中年吉祥，晚年隆昌，安详之字。
1380,12,斯,金,学识丰富，清雅荣贵，官运旺，福寿兴家，环境良好。
1381,12,俟,金,忧心劳神，怀才不遇，二子吉祥，中年平凡，晚年隆昌。
1382,12,竦,金,刑偶伤子，中年吉祥，清雅伶俐，晚年劳神，欠子之字。
1383,12,诉,金,忧心劳神，清雅多才，中年多灾，晚年吉祥享福。
1384,12,替,金,忧心劳神，刑偶伤子，中年有灾，晚年吉祥，欠子之字。
1385,12,童,金,一生清雅多才，贤能聪明，中年劳但吉祥，晚年劳神。
1386,12,推,金,清雅秀气，多才有能，有损丁刑偶之厄，晚年吉祥。
1387,12,惜,金,温和慈祥，多才清雅，晚婚迟得子大吉，环境良好。
1388,12,羡,金,清雅伶俐，多才巧智，刑偶伤子，或有爱情厄，中年劳，晚年吉祥。
1389,12,象,金,刑偶伤子，英雄豪杰，中年奔波多劳，晚年吉祥，双妻之格。
1390,12,琇,金,秀气巧妙，温和贤能，小心爱情厄，成功吉祥，出国之字。
1391,12,须,金,三子命中存，有才能理智，中年劳，晚年吉祥，子孙隆昌。
1392,12,絮,金,有爱情烦恼，身弱多病，清雅伶俐，中年劳，晚年吉祥。
1393,12,绚,金,秀气伶俐，清雅温和，晚得子吉，中年吉祥，晚年身弱多病。
1394,12,喻,金,智勇双全，名利双收，一生清雅荣贵，中年成功隆昌。
1395,12,曾,金,一生清雅多才，贤能荣幸，迟得子大吉，成功隆昌，环境良好。
1396,12,诈,金,一生困苦，百事劳苦，清雅平凡，出外吉祥，晚年劳神。
1397,12,掌,金,性刚，英雄慷慨，一生清雅多才，中年劳，晚年吉祥。
1398,12,诏,金,带刀厄，一生清雅荣贵，官运旺，刑偶欠子。
1399,12,帧,金,忠厚善良，义利分明，中年隆昌，二子吉祥，晚年劳神。
1400,12,脂,金,刑偶伤子，清雅伶俐，中年多灾，晚年吉祥隆昌。
1401,12,殖,金,清雅伶俐，多才巧智，小心爱情厄，中年劳，晚年隆昌。
1402,12,众,金,一生福禄双收，荣贵吉祥，出外大吉，中年劳，晚年隆昌。
1403,12,贮,金,忧心劳神，刑偶伤子，中年劳苦，晚年吉祥。
1404,12,注,金,性朴素有美德，中年吉祥，晚年隆昌，荣贵，环境良好。
1405,12,兹,金,有爱情烦恼，温和贤能，中年平凡，晚年吉祥。
1406,12,尊,金,一生多才伶俐，刑偶伤子，中年多劳，晚年吉祥，清平之字。
1407,12,棒,木,刑克父母，少年艰难，中年多劳，晚年吉祥隆昌，荣幸之字。
1408,12,草,木,外观幸福，内心多忧，中年忌车怕水，晚年吉祥。
1409,12,策,木,二子吉祥，名利双收，多才温和，中年劳，晚年吉祥。
1410,12,茶,木,刑偶伤子，中年多劳，晚年吉祥隆昌。
1411,12,答,木,克妻欠子，温和伶俐，中年多灾，晚年吉祥，双妻之格。
1412,12,等,木,忧心劳神，刑偶伤子，中年劳苦，晚年吉祥，忌车怕水。
1413,12,棣,木,多愁多忧，百事劳苦，中年劳，晚年吉祥。
1414,12,迭,木,暗淡无光，不祥之字，命途多舛，短寿自杀。
1415,12,栋,木,忧心劳神，刑偶伤子，清雅荣贵，官运旺，晚年劳神，忌车怕水。
1416,12,筏,木,忧心劳神，晚婚迟得子吉，中年吉祥，晚年劳神，福寿之字。
1417,12,棉,木,清雅伶俐，天生多才，中年吉祥，晚年隆昌，环境良好，幸福之字。
1418,12,棼,木,带刀厄，刑偶伤子，刑克父母，中年劳，晚年隆昌，多相克之字。
1419,12,给,木,清雅荣贵，中年成功隆昌，晚年劳神，环境良好。
1420,12,贯,木,一生清雅，环境良好，中年有灾，晚年吉祥，二子吉祥。
1421,12,贵,木,一生多才巧智，身瘦伶俐，中年劳，晚年吉祥隆昌，名利双收。
1422,12,棍,木,英俊佳人，多才巧智，清雅荣贵，中年吉祥，晚年隆昌。
1423,12,皓,木,智勇双全，清雅荣贵，官运旺，妻贤子贵，成功隆昌。
1424,12,荒,木,刑偶伤子，身弱多病，中年多灾，晚年吉祥。
1425,12,极,木,吉凶分明，吉则义利分明，克己助人，成功隆昌，凶则多灾难，难得幸福。
1426,12,集,木,忧心劳神，有爱情厄，中年吉祥，晚年劳神。
1427,12,几,木,奔波劳苦，身弱多病，有爱情厄，中年潦倒，晚福之字。
1428,12,间,木,刑偶伤子，忧心劳神，晚婚大吉，中年劳，晚年吉祥。
1429,12,蛟,木,欢乐一生，慷慨精诚，有成人之美德，中年吉祥，出外大吉。
1430,12,绞,木,有爱情烦恼，病弱短寿，清雅多才，多灾难之字。
1431,12,街,木,一生多相克，身弱多病，中年劳，晚年吉祥。
1432,12,杰,木,智勇双全，清雅荣贵，中年吉祥，晚年隆昌，二子吉祥。
1433,12,结,木,一生清雅多才，义利分明，中年成功隆昌，晚年劳神。
1434,12,景,木,多才贤能，精明公正，中年成功隆昌，环境良好。
1435,12,窘,木,清雅多才，身弱短寿，刑偶伤子，中年劳苦，晚年吉祥。
1436,12,掘,木,忧心劳神，事劳无功，中年多灾，晚年吉祥，但劳神。
1437,12,开,木,刑克父母，孤独格，少年艰难，中年奔波，晚年吉祥。
1438,12,凯,木,性刚果断，智勇双全，出外吉祥，中年隆昌，环境良好，多才之字。
1439,12,筐,木,性刚果断，病弱短寿，中年多舛，晚年吉祥。
1440,12,棱,木,清雅多才，理智充足，出外吉祥，中年平，晚年隆昌。
1441,12,络,木,理智充足，清雅秀气，中年有灾，晚年吉昌。
1442,12,棚,木,刑偶伤子，有爱情厄，忌车怕水，中年多灾，晚年吉祥。
1443,12,期,木,英敏多才，上下敦睦，清雅伶俐，中年吉祥，晚年隆昌，环境良好。
1444,12,欺,木,多忧少乐，刑偶伤子，中年多灾，身弱短寿，晚年劳神。
1445,12,棋,木,福禄双收，名利有份，中年吉祥，晚年隆昌，环境良好，英俊之字。
1446,12,茜,木,清雅秀气，智勇双全，安富尊荣，出国之字。
1447,12,嵌,木,刑克父母，芎偶伤子，晚婚吉祥，中年奔波，晚年隆昌，幸福之字。
1448,12,强,木,清雅荣贵，有才能理智，中年劳或奔波，晚年吉祥，官旺。
1449,12,乔,木,清雅多才，福禄双收，中年吉祥，晚年隆昌，出国之字。
1450,12,球,木,贵人明现，清雅多才，精明公正，中年成功隆昌，荣贵之字。
1451,12,荃,木,口快性刚，多才伶俐，清雅多能，中年吉祥，晚年劳神。
1452,12,筌,木,多才伶俐，清雅多能，子孙兴旺，中年吉祥，晚年隆昌。
1453,12,荏,木,精明公正，多才荣贵，中年吉祥，出国之格。
1454,12,茸,木,勤俭起家，清雅荣贵，多才有能，成功隆昌，女人不幸，再嫁之字。
1455,12,森,木,凶死恶亡，配合吉亦生祸端，或有爱情厄，凶则身弱短寿，不祥之字。
1456,12,棠,木,英俊多才，刑偶或伤子，晚婚大吉，中年吉祥，晚年隆昌。
1457,12,统,木,智勇双全，操守廉正，中年劳或多灾，晚年吉祥。
1458,12,筒,木,清雅多才，名利双收，中年平凡，晚年吉祥，环境良好。
1459,12,皖,木,忧心劳神，刑偶伤子，中年多灾，晚年吉祥。
1460,12,稀,木,性刚果断，少年艰难，中年多劳或奔波，晚年吉祥。
1461,12,雅,木,英俊多才，秀气贤淑，中年吉祥，晚年隆昌，出国之格。
1462,12,雁,木,出外或离祖吉祥，中年奔波或劳苦，晚年吉祥，双妻之格。
1463,12,尧,木,克父伤妻，一生清雅多才，官运旺，中年吉祥，晚年劳神。
1464,12,椅,木,刑偶伤子，福禄双收，中年多劳或奔波，晚年吉祥。
1465,12,硬,木,克父命，刑偶欠子，出外贵人现，福禄双收，晚年隆昌，短寿之字。
1466,12,寓,木,温和伶俐，天生聪明，一生清雅平凡，保守之字。
1467,12,栈,木,有爱情厄，刑偶伤子，中年多灾或潦倒，晚年吉祥。
1468,12,植,木,一生重义守信，名利双收，中年吉祥，晚年隆昌，幸福之字。
1469,12,茱,木,秀气伶俐，温和多才，中年成功隆昌，清雅荣贵，二子吉祥。
1470,12,最,木,智勇双全，教育界大吉，官运旺，中年吉祥，环境良好。
1471,12,傍,水,忧心劳神，清雅伶俐，有才无运，难成功，晚年吉祥。
1472,12,棓,水,刑偶伤子，多才巧智，成功隆昌，晚年劳神。
1473,12,报,水,奔波劳苦，少年艰难，中年劳苦，忌车怕水，短寿之字。
1474,12,悲,水,多忧少乐，身弱短寿，中年不幸，离乱不祥。
1475,12,备,水,智勇双全，出外大吉，中年劳，吉祥，晚年隆昌，名利之字。
1476,12,弼,水,智勇双全，官或财旺，中年成功隆昌，环境良好。
1477,12,博,水,智勇双全，多才巧智，中年奔波，晚年隆昌。
1478,12,淳,水,一生清雅伶俐，勤俭励业，福寿兴家，环境良好。
1479,12,淡,水,晚婚迟得子大吉，暗淡无光，不幸多灾，难得幸福。
1480,12,发,水,刑偶伤子，清雅多才，中年多劳，晚年吉祥，忌车怕水，短寿破相。
1481,12,淋,水,官缘得禄，操守廉正，官运旺，成功隆昌，环境良好。
1482,12,排,水,忧心劳神，事劳无功，忌车怕水，中年多灾，晚年吉祥。
1483,12,淑,水,温和伶俐，有爱情厄，或身弱，中年吉祥，晚年劳神。
1484,12,雄,水,配合善，中年成功隆昌，不善，忌车怕水，恶死凶亡。
1485,12,番,水,智勇双全，清爽多才，中年吉祥，晚年成功隆昌，出国之字。
1486,12,防,水,贵人明现，一生清雅多才，刑偶伤子，晚年吉昌。
1487,12,扉,水,清雅平凡，一生保守，上下敦睦，中年劳，晚年吉祥。
1488,12,斐,水,聪明伶俐，多才秀气，中年吉祥，晚年环境良好。
1489,12,冯,水,一生清雅，福禄双收，中年劳或奔波，晚年吉祥。
1490,12,幅,水,刑克父母，少年艰难，中年劳苦，晚年吉祥，晚福之字。
1491,12,复,水,英俊佳人，身瘦多才，出外大吉，中年平凡，晚年吉祥，荣幸之字。
1492,12,富,水,一生清雅荣贵，中年吉祥，晚年隆昌，环境良好，荣华之字。
1493,12,淦,水,天生聪明，多才有能，清雅荣贵，中年成功隆昌，环境良好。
1494,12,蛤,水,一生清雅多才，衣食丰足，中年劳，晚年吉祥，多疾之字。
1495,12,寒,水,消极而暗淡，一生劳苦，多灾难，身弱短寿，忌车怕水，二子吉祥。
1496,12,贺,水,二子吉祥，精明公正，智勇双全，官运旺，中年成功隆昌。
1497,12,唤,水,一生多劳，多灾难，刑偶伤子，病弱短寿，不幸之字。
1498,12,徨,水,义利分明，晚婚迟见子吉，中年平凡，晚年隆昌，官运旺。
1499,12,惠,水,天生聪明，秀气伶俐，名利双收，中年吉祥，晚年子孙旺盛。
1500,12,混,水,英俊佳人，多才伶俐，中年吉祥，晚年隆昌，欠子之字。
1501,12,买,水,忧心劳神，事劳无功，刑偶欠子，中年多灾，晚年吉祥，双妻之格。
1502,12,贸,水,二子吉祥，清雅荣贵，中年吉祥，晚年隆昌，环境良好。
1503,12,帽,水,忧心劳神，事劳无功，多灾难，抱恨九泉。
1504,12,媒,水,有爱情烦恼，一生多劳，或潦倒，晚年吉祥。
1505,12,媚,水,聪明伶俐，秀气多才，温和贤淑，成功隆昌。
1506,12,闷,水,内心多忧，身弱多病，清雅伶俐，中年吉祥，晚年多灾。
1507,12,猛,水,雄壮厚重，少年艰难，中年成功隆昌，子孙兴旺，带血字短寿。
1508,12,闵,水,智勇双全，义利分明，一生清雅荣贵，中年成功隆昌，忌车怕水。
1509,12,评,水,教育界大吉，温和贤能，中年吉祥，晚年劳神多病。
1510,12,迫,水,奔波劳苦，身弱多病，中年吉祥，晚年劳神。
1511,12,普,水,二子吉祥，清雅多才，中年平凡，晚年隆昌，子孙兴旺。
1512,12,淇,水,英俊佳人，上下敦睦，二子吉祥，义利分明，成功隆昌，官运旺盛。
1513,12,清,水,吉凶分明，配合吉则成功隆昌，凶则忌车怕水，中年多灾。
1514,12,深,水,刑偶伤子，一生清雅荣贵，中年成功隆昌，环境良好。
1515,12,淞,水,学识渊博，勤俭建业，中年成功隆昌，出国之格，荣贵之字。
1516,12,淘,水,温和贤淑，良善积德，福禄双收，名利有份，环境良好。
1517,12,添,水,孤独格，父母无缘，身弱短寿，忌车怕水，晚年吉祥，中年多灾。
1518,12,涴,水,秀气伶俐，温和贤能，勤俭持家，成功隆昌，环境良好。
1519,12,无,水,忧心劳神，刑偶伤子，一生困苦潦倒，难得幸福，短寿劳苦。
1520,12,喜,水,一生清雅荣贵，刑偶欠子，中年成功隆昌，环境良好。
1521,12,闲,水,忧心劳神，多刑克，一生困苦潦倒，忌车怕水，短寿之字。
1522,12,现,水,口快性刚，多才伶俐，中年吉祥，晚年隆昌，环境良好。
1523,12,项,水,一生清雅多才，智勇双全，中年劳苦，晚年吉祥。
1524,12,涯,水,一生清雅平凡，中年劳或奔波，晚年吉祥。
1525,12,淹,水,外观幸福，内心多忧，中年劳苦，晚年吉祥。
1526,12,液,水,口快性刚，事劳无功，中年多灾，晚年吉祥。
1527,12,淯,水,理智充足，福禄双收，名利有份，成功隆昌，荣贵之字。
1528,12,渊,水,福寿兴家，理智充足，慈祥有德，环境良好，安享富贵。
1529,12,云,水,清秀伶俐，多才巧智，出国之格，中年成功隆昌。
1530,12,粥,水,幼年辛苦，中年吉祥，名利双收，福禄永在，晚年吉祥。
1531,12,焙,火,多才清闲，一生精明公正，中年吉祥，福禄双收，荣幸之字。
1532,12,采,火,清秀巧妙，天生聪明，幼年辛苦，成功隆昌，二子吉祥。
1533,12,场,火,忧心劳神，事劳无功，中年潦倒，晚年吉祥。
1534,12,程,火,一生清雅荣贵，智勇双全，中年多劳，晚年吉昌。
1535,12,单,火,福禄双收，多才贤能，中年多灾，晚年吉祥。
1536,12,登,火,清雅荣贵，多才贤能，中年多劳，成功隆昌，二子吉祥。
1537,12,短,火,忧心劳神，身弱短寿，中年多灾，晚年吉祥。
1538,12,惇,火,福禄双收，多才伶俐，中年平凡，晚年吉祥，荣幸之字。
1539,12,敦,火,出外吉祥，清雅英敏，中年吉祥，晚年隆昌幸福，忌车怕水。
1540,12,焚,火,有爱情厄，清雅秀气，中年吉祥，晚年隆昌，出外幸福。
1541,12,接,火,忧心劳神，百事劳苦，中年劳或多灾，晚年吉祥。
1542,12,晶,火,英俊之才，多相克，中年劳或身弱，晚年吉祥，常人难受。
1543,12,就,火,清雅多才，环境良好，成功隆昌，出外大吉，女人性刚口快，再嫁之字。
1544,12,吭,火,清雅荣贵，英俊佳人，中年劳，晚年吉祥，小心爱情厄。
1545,12,琅,火,口快心直，清雅荣贵，中年劳或多灾，成功隆昌。
1546,12,劳,火,忧心劳神，多相克，一生多灾，难得幸福，不详多疾，短寿之字。
1547,12,理,火,清雅荣贵，多才巧智，成功隆昌，女人有不幸之灾。
1548,12,量,火,温和贤能，享福一生，中年吉祥，晚年隆昌，环境良好。
1549,12,琉,火,清雅荣贵，多才贤能，中年成功隆昌，出国之格。
1550,12,硫,火,刑偶欠子，身弱短寿，中年劳或奔波，晚年吉祥。
1551,12,闰,火,多才巧智，清雅荣贵，中年成功隆昌，环境良好。
1552,12,探,火,重情失败，刑偶伤子，中年劳，晚年吉祥。
1553,12,迢,火,出外贵人明现，清雅荣贵，刑偶或伤子，成功隆昌，官运旺。
1554,12,贴,火,清雅伶俐，多才贤能，中年吉祥，晚年隆昌，环境良好。
1555,12,婷,火,温和贤淑，口快心直，多才清雅，中年隆昌，一生安详，福寿之字。
1556,12,痛,火,暗淡无光，身弱短寿，有爱情烦恼，一生难幸福。
1557,12,欻,火,口快心直，少年艰难，中年劳或奔波，晚年隆昌，官旺之字。
1558,12,寻,火,忧心劳神，百事劳苦，刑偶欠子，中年多灾，晚年吉祥。5
1559,12,循,火,小心爱情厄，一生清雅平凡，中年劳，晚年吉祥，出国之字。
1560,12,巽,火,忧心劳神，忌车怕水，命运多舛，一贫如洗，身弱短寿。
1561,12,焱,火,通晓大义，克己助人，温和贤能，成功隆昌，但常人难受。
1562,12,轶,火,忧心劳神或孤独，一生清雅多才，中年吉祥，晚年劳神。
1563,12,媛,火,秀气伶俐，温和贤能，中年吉祥，晚年隆昌，出外吉祥。
1564,12,哲,火,福禄双收，中年劳，成功隆昌，晚年吉祥。
1565,12,诊,火,有才能理智，兄弟无靠，中年吉祥，晚年劳神。
1566,12,轸,火,勤俭得禄，克振门户，中年成功隆昌，环境良好。
1567,12,证,火,义利分明，言而必信，操守廉正，中年成功隆昌，荣贵之字。
1568,12,智,火,吉凶分明，吉则成功隆昌，官运旺，荣贵，凶则忌车怕水，短寿不幸。
1569,12,轴,火,出外逢贵得才，福禄双收，中年劳，晚年吉祥，双妻之格。
1570,12,堡,土,一生清雅伶俐，福禄双收，忌车怕水，多疾病，晚年吉祥。
1571,12,堤,土,多才巧智，清雅荣贵，出国之字，中年成功隆昌。
1572,12,奠,土,一生清雅，出外吉祥，中年劳，晚年吉祥，多才，二子吉祥。
1573,12,恶,土,忧心劳神，欠子之字，中年吉祥，晚年劳神。
1574,12,费,土,一生清雅多才，二子吉祥，中年劳，晚年吉祥。
1575,12,黑,土,性刚果断，英雄性格，杀人被杀，有牢狱之灾，难得幸福。
1576,12,黄,土,一生清雅，聪明伶俐，刑克父母，中年劳，晚年吉祥。
1577,12,堪,土,清雅伶俐，刑偶伤子，中年吉祥，环境良好，晚年劳神。
1578,12,岚,土,刑克父母，清雅荣贵，才智出众，身劳短寿，欠子之字。
1579,12,蛙,土,得天时地利，天赐之福，中年吉祥，晚年劳神，小心爱情厄。
1580,12,为,土,英敏秀气，清雅伶俐，中年劳或潦倒，晚年吉祥。
1581,12,围,土,福祉绵远，荣贵多才，中年劳或奔波，晚年吉祥。
1582,12,惟,土,温和贤能，多才伶俐，中年劳神，晚年吉昌。
1583,12,翕,土,精明公正，克己助人，清雅温和，中年平凡，晚年吉祥。
1584,12,翔,土,清雅荣贵，官运旺，中年成功隆昌，出国之字，富贵之命。
1585,12,砚,土,一生清雅伶俐，福禄双收，刑偶伤子，晚年吉祥。
1586,12,堰,土,刑偶伤子，晚婚或迟得子吉，中年劳或奔波，晚年吉祥。
1587,12,壹,土,清雅荣贵，精明公正，中年吉祥，晚年隆昌，二子吉祥。
1588,12,贻,土,一生安稳守己，福禄双收，中年吉祥，晚年隆昌，环境良好。
1589,12,越,土,出外吉祥，智勇双全，成功隆昌，女人多灾，身弱不幸。
1590,13,钵,金,一生安详快乐，中年平凡，晚年吉祥，环境良好。
1591,13,琛,金,清雅荣贵，多才有能，中年成功隆昌，晚年吉祥，福寿之字。
1592,13,絺,金,性刚多才，中年劳，晚年吉祥，女人有爱情厄，再嫁守寡之字。
1593,13,饬,金,多相克之字，一生清雅平凡，中年劳苦，晚年吉祥。
1594,13,愁,金,不祥之字，身弱短寿，一生多灾，难得幸福，劳神困苦之字。
1595,13,酬,金,刑偶伤子，清雅多才，福禄双收，中年劳，晚年吉祥。
1596,13,楚,金,一生清雅，智勇双全，中年吉祥隆昌，晚年劳神，出国之格。
1597,13,琮,金,智勇双全，名利双收，英俊荣贵，中年吉祥，晚年隆昌，官运旺。
1598,13,催,金,忧心劳神，事劳无功，中年多灾，晚年吉祥。
1599,13,钿,金,安富尊荣，多才伶俐，中年成功隆昌，环境良好，富贵之字。
1600,13,暑,金,晚婚迟得子大吉，清雅多才，中年劳，晚年吉祥。
1601,13,鼠,金,不祥多灾，身弱短寿，难幸福，多灾难。
1602,13,蜀,金,精明公正，克己助人，出外吉祥，中年成功隆昌，出国之字。
1603,13,剿,金,带刀厄，武官大吉，杀人被杀，或有牢狱之灾，恶死凶亡之字。
1604,13,捷,金,奔波劳苦，出国之格，中年成功隆昌，忌车怕水，环境良好。
1605,13,靖,金,学识渊博，才智出众，中年成功隆昌，官运旺盛之字。
1606,13,钜,金,精明公正，义利分明，官运旺，出国之字，成功隆昌。
1607,13,铃,金,清雅荣贵，天生聪颖，中年平凡，晚年吉祥，幸福之字。
1608,13,铅,金,奔波劳苦，身弱多病，有才无运，中年劳，晚年吉祥。
1609,13,裟,金,出外逢贵得财，秀气巧妙，中年吉祥，晚年劳神。
1610,13,伤,金,忧心劳神，事劳无功，身弱短寿，一生多灾。
1611,13,蜃,金,勤俭持家，中年虽劳，吉祥荣昌，子孙兴旺。
1612,13,诗,金,多才贤能，理智充足，官运旺，中年成功隆昌，出国之字。
1613,13,狮,金,性刚口快，双妻之格，中年劳或奔波，晚年吉祥。
1614,13,势,金,刑克父母，清雅多才，中年劳或奔波，晚年吉祥。
1615,13,试,金,忧心劳神，事劳无功，重情失败，中年多劳，晚年吉祥。
1616,13,轼,金,忧心劳神，事劳无功，中年劳，晚年吉祥，荣幸之字。
1617,13,嗣,金,智勇双全，精明公正，中年成功隆昌，官运旺，昌荣之字。
1618,13,肆,金,身弱短寿，刑偶伤子，中年劳苦，晚年隆昌。
1619,13,送,金,吉凶分明，吉则成功隆昌，清雅荣贵，凶则一贫如洗，忌车怕水。
1620,13,肃,金,有爱情烦恼，忌车怕水，身弱短寿，中年多灾，晚年吉祥。
1621,13,岁,金,清雅多才，英敏贤能，中年平凡，晚年吉祥。
1622,13,详,金,温和贤能，福寿兴家，中年平凡，晚年隆昌。
1623,13,想,金,有爱情烦恼，内心多忧，中年劳，晚年吉祥，保守之字。
1624,13,新,金,多才巧智，智勇双全，一生中年多灾，晚年吉祥，名利之字。
1625,13,歆,金,刑偶欠子，身弱多病，中年多劳，晚年吉祥。
1626,13,绣,金,小心爱情厄，清雅秀气，配合吉则出国隆昌，凶则不幸多灾。
1627,13,暄,金,智勇双全，清雅荣贵，家声克振，成功隆昌，官旺之字。
1628,13,驯,金,一生清雅，奔波劳苦，中年吉祥，晚年隆昌，刑偶伤子。
1629,13,询,金,有爱情厄，刑偶伤子，中年吉祥，晚年劳神多病。
1630,13,愉,金,一生清雅荣贵，谋为出众，官运旺，财弱，享福终世。
1631,13,钰,金,清秀伶俐，有才能理智，官旺，中年吉祥，晚年隆昌。
1632,13,裕,金,出外吉祥，福禄双收，中年吉祥，刑偶伤子，晚年劳神。
1633,13,愈,金,理智充足，智勇双全，中年多劳，晚年吉祥。
1634,13,载,金,子孙兴旺，清雅伶俐，多才荣贵，中年成功隆昌，出国之字。
1635,13,债,金,二子吉祥，清雅多才，中年肯做肯劳，成功吉祥，子孙兴旺。
1636,13,斟,金,口快心直，环境良好，刑偶欠子，中年吉祥，晚年劳神。
1637,13,钲,金,智勇双全，精明公正，清雅荣贵，中年成功隆昌。
1638,13,庄,金,秀气巧妙，一生清雅伶俐，中年成功隆昌，晚年子孙鼎盛。
1639,13,装,金,出外吉祥，刑偶伤子，晚婚吉，中年劳，晚年隆昌。
1640,13,资,金,清雅荣贵，二子吉祥，中年隆昌，多才贤能，环境良好，秀气之字。
1641,13,椿,木,清雅秀气，精诚待人，中年平，晚年隆昌，女人有爱情厄。
1642,13,琳,木,学识丰富，温和贤能，克己助人，出国荣达。
1643,13,娩,木,秀气巧妙，清雅伶俐，晚婚吉祥，荣幸之字。
1644,13,竖,木,清雅荣贵，中年成功隆昌，出国之格，多才贤能，官旺之字。
1645,13,枫,木,精明公正，一生多福，福禄丰厚，中年吉祥隆昌，小心爱情厄。
1646,13,感,木,忧心劳神，身弱短寿，中年多灾，晚年吉祥，重感情之字。
1647,13,跪,木,忧心劳神，一生难幸福，多灾难，中年潦倒，晚年享福。
1648,13,畸,木,有爱情厄，多才贤能，中年小心，晚年隆昌，福禄双收。
1649,13,楫,木,智勇双全，义利分明，官或财旺，中年平凡，晚年吉祥。
1650,13,嫁,木,外观幸福，内心多忧，出外吉祥，晚年隆昌，忌车怕水。
1651,13,减,木,克父命，刑偶伤子，出外吉祥，中年吉祥，晚年劳神。
1652,13,毽,木,多才巧智，清雅伶俐，中年劳或奔波，晚年吉祥。
1653,13,郊,木,有爱情厄，身弱短寿，中年劳，晚年吉祥。
1654,13,揭,木,幼年多灾，中年吉祥隆昌，忌车怕水，有破相之灾。
1655,13,解,木,一生清雅，理智充足，中年多劳，晚年吉祥。
1656,13,禁,木,刑偶伤子，忌车怕水，或有爱情厄，中年小心，晚年吉祥。
1657,13,靳,木,勤俭建业，福禄双收，智勇双全，中年成功隆昌，环境良好。
1658,13,经,木,晚婚迟得子吉，英俊隆昌，女人多灾。
1659,13,睛,木,清雅荣贵，一门鼎盛，成功隆昌，女人小心爱情厄。
1660,13,敬,木,清雅荣贵，出外大吉，福禄双收，名利永在，出国之字。
1661,13,舅,木,意志薄弱，虽成功隆昌，多刑克，中年多灾，晚年劳神。
1662,13,绢,木,身弱多病，有爱厄，中年劳，晚年吉祥，忌车怕水，欠子之字。
1663,13,慨,木,多才贤能，出外吉祥，刑偶伤子，中年隆昌，晚年劳神。
1664,13,楷,木,晚婚迟得子吉，出外吉祥，中年劳或奔波，晚年隆昌。
1665,13,窟,木,不祥之字，难成功，多灾难，病弱短寿，一生劳苦。
1666,13,夸,木,多愁少乐，口才伶俐，中年勤敏，但有祸端，晚年吉祥。
1667,13,暌,木,刑偶伤子，晚婚吉祥，中年劳或奔波，晚年吉祥，官旺之字。
1668,13,琨,木,清雅多才，英俊勤俭，中年吉祥，晚年隆昌，官旺之字。
1669,13,莨,木,出外吉祥，天生聪颖，中年吉祥，晚年隆昌，幸福之字。
1670,13,莉,木,秀气巧妙，多才巧智，中年成功隆昌，出国之字，荣贵吉祥。
1671,13,廉,木,清雅英敏，出外吉祥，中年平凡，晚年吉祥，环境良好。
1672,13,楣,木,秀气贤能，一生福禄，荣贵隆昌，环境良好，晚年劳神。
1673,13,募,木,带刀厄，刑偶伤子，有爱情烦恼，中年劳神，晚年吉祥。
1674,13,楠,木,刑偶或伤子，多才巧智，中年劳，晚年吉祥，女人刑夫，环境良好。
1675,13,莆,木,智勇双全，机谋多才，小心爱情厄，中年有灾，晚年吉祥。
1676,13,琦,木,有爱情厄，身弱短寿，福禄双收，中年吉祥，晚年劳神。
1677,13,琪,木,智勇双全，清雅荣贵，官运旺，中年成功隆昌，清秀之字。
1678,13,祺,木,英俊多才，清雅荣贵，中年吉祥，环境良好，官运旺。
1679,13,琴,木,命硬克父，少年艰难，中年奔波劳苦，晚年吉庆，女人薄幸。
1680,13,勤,木,刑克父母，刑偶伤子，孤独劳神，身弱短寿，多灾之字。
1681,13,倾,木,天生聪颖，多才秀气，清雅荣贵，二子吉祥，出国之字。
1682,13,裙,木,刑偶伤子，身弱多病，清雅平凡，中年劳，晚年吉祥。
1683,13,群,木,多才贤能，慈祥有德，中年吉祥，晚年隆昌，福禄之字。
1684,13,莎,木,温和伶俐，勤俭多才，中年吉祥，晚年隆昌，荣贵之字。
1685,13,颂,木,学问丰富，官运旺盛，中年成功隆昌，二子吉祥，忌车怕水。
1686,13,莞,木,清秀巧妙，清雅温和，中年成功隆昌，出国之字，有爱情厄。
1687,13,斡,木,多才贤能，温和伶俐，技术方面大吉，成功隆昌，环境良好。
1688,13,暇,木,多忧少乐，身弱短寿，中年劳苦，晚年吉祥，福禄之字。
1689,13,靴,木,忧心劳神，事劳无功，一生多灾，病弱短寿。
1690,13,筵,木,智勇双全，出外吉祥，清雅荣贵，官运旺，成功隆昌，环境良好。
1691,13,杨,木,一生清雅温和，多才贤能，中年劳苦，晚年隆昌。
1692,13,椰,木,性刚果断，刑偶伤子，中年劳或潦倒，晚年吉祥。
1693,13,业,木,多才勤俭，清雅伶俐，中年吉祥，出国之格，晚年隆昌，双妻之格。
1694,13,义,木,多才巧智，清雅伶俐，中年吉祥，晚年隆昌，幸福之字。
1695,13,莠,木,一生清雅伶俐，多才巧智，刑偶欠子，晚年吉祥。
1696,13,愚,木,一生难幸福，百事劳苦，中年多灾，晚年吉祥。
1697,13,榆,木,清雅容贵，有胆有识，官运旺，中年成功隆昌，福寿兴家。
1698,13,预,木,英雄格，清雅多才，中年吉祥，晚年隆昌，出国之字。
1699,13,御,木,秀气伶俐，理智充足，贵人明现，常人难受，武官吉。
1700,13,颁,水,带刀厄，智勇双全，一生多才贤能，中年有灾，晚年隆昌。
1701,13,斑,水,一生清雅多才，怀才不遇，中年多灾，晚年吉祥。
1702,13,雹,水,忧心劳神，身弱短寿，一生困苦，难得幸福。
1703,13,陂,水,晚婚吉庆，早婚不利，一生多灾，难幸福，晚年吉祥。
1704,13,补,水,贵人明现，清雅伶俐，中年多灾，晚年吉祥，子孙兴旺。
1705,13,测,水,宽宏雅量，上下敦睦，中年平凡，晚年吉昌，环境良好。
1706,13,渡,水,出外逢贵得财，中年奔波劳苦，夫妻和合欠子，晚年隆昌。
1707,13,琶,水,温和贤淑，勤俭兴家，福禄双收，中年吉祥，晚年隆昌。
1708,13,饭,水,不祥之字，事劳无功，中年多灾，晚年享福。
1709,13,蜂,水,清雅伶俐，多才贤能，中年肯做肯劳，晚年吉祥。
1710,13,港,水,少年艰难，多才贤能，中年劳苦或奔波，晚年隆昌，双妻之格。
1711,13,号,水,性刚果断，智勇双全，中年吉祥，晚年劳神。
1712,13,湖,水,英俊多才，一生平凡，保守之字，中年吉祥，晚年劳神，妻贤子贵。
1713,13,换,水,刑偶伤子，多才贤能，成功隆昌，女人薄幸，守寡之字。
1714,13,惶,水,天生聪颖，离祖吉祥，官运旺，中年劳，晚年吉祥。
1715,13,挥,水,精明公正，多才英明，中年成功隆昌，子孙兴旺。
1716,13,晖,水,命硬，清雅荣贵，官旺，中年平凡，晚年隆昌，环境良好。
1717,13,会,水,晚婚迟见子吉，一生清雅平凡，中年吉祥，晚年劳神。
1718,13,浑,水,英俊多才，清雅荣贵，中年成功隆昌，晚年环境良好，出国之格。
1719,13,湫,水,虚荣心强，有爱情厄，中年多灾，晚年吉祥，贤能之字。
1720,13,较,水,奔波劳苦，损丁破财，中年忌车怕水，成功隆昌，环境良好。
1721,13,粳,水,忧心劳神，克父欠子，中年劳苦，晚年吉祥隆昌，子孙兴旺。
1722,13,鸠,水,忧心劳神，病弱短寿，中年劳但吉祥，晚年隆昌。
1723,13,雷,水,一生清雅，多才贤能，刑偶伤子，中年平凡，晚年隆昌。
1724,13,妈,水,福禄双收，多才温和，中年吉祥，环境良好，晚年劳神。
1725,13,盟,水,智勇双全，有才能理智，刑偶欠子，晚年吉祥。
1726,13,琵,水,二子吉祥，清雅多才，中年吉祥，晚年隆昌。
1727,13,聘,水,有爱情烦恼，多忧少乐，中年劳，晚年吉祥但多病。
1728,13,瓶,水,不祥之字，暗淡无光，多灾难，晚年吉祥。
1729,13,绥,水,秀气伶俐，小心爱情厄，中年吉祥，晚年隆昌，环境良好。
1730,13,汤,水,智勇双全，义利分明，官或财旺，中年成功隆昌，出国之字。
1731,13,湍,水,胆识丰富，清雅荣贵，中年成功隆昌，环境良好，出国之字。
1732,13,微,水,有爱情厄，出外吉祥，中年劳，晚年吉祥。
1733,13,渭,水,一生清雅伶俐，天生聪明，中年成功隆昌，女人助夫兴家。
1734,13,熙,水,破相，身弱短寿，清雅多才，中年成功隆昌，晚年安详。
1735,13,湘,水,精明公正，清雅荣贵，中年成功隆昌，女人有爱情厄，欠子之字。
1736,13,溆,水,天生聪明，多才巧智，中年成功隆昌，荣华富贵，出国之字。
1737,13,游,水,一生清雅伶俐，名利双收，中年劳，晚年吉祥，乐天之字。
1738,13,渝,水,胆识兼有，清雅荣贵，官运旺，中年成功隆昌，精诚之字。
1739,13,郁,水,清雅伶俐，口快心直，中年成功隆昌，晚年昌盛安稳。
1740,13,浈,水,多才巧智，清雅荣贵，中年成功隆昌，环境良好，二子吉祥。
1741,13,稗,火,破相，少年艰难，环境良好，晚年吉祥。
1742,13,驰,火,奔波劳苦，潦倒一生，中年多灾，晚年隆昌。
1743,13,传,火,一生多才平凡，出外吉祥，中年平凡，晚年吉祥。
1744,13,亶,火,一生清雅荣贵，学识渊博，官运旺，中年成功隆昌。
1745,13,当,火,性刚，刑偶伤子，晚婚大吉，中年小心有灾，晚年隆昌，环境良好。
1746,13,电,火,外祥内苦，一生伶俐，刑偶伤子，中年劳，晚年吉祥。
1747,13,殿,火,英雄豪爽，义利分明，中年成功隆昌，清雅荣贵，出国之字。
1748,13,鼎,火,精明公正，智勇双全，官运旺，成功隆昌，出国荣贵。
1749,13,督,火,忧心劳神，一贫如洗，多灾难，难幸福，一生困苦。
1750,13,顿,火,刑偶伤子，身弱短寿，二子吉祥，中年吉祥，晚年劳神。
1751,13,焕,火,理智充足，多才伶俐，出外吉祥，荣贵隆昌，女人多灾或不幸。
1752,13,煌,火,刑偶欠子，多才贤能，身瘦清雅，中年平，晚年吉祥。
1753,13,晃,火,出外逢贵得财，智勇双全，官运旺，中年成功隆昌，出国之字。
1754,13,迹,火,忧心劳神，损丁破财，中年多劳，晚年吉祥但多灾。
1755,13,煎,火,多愁多忧，刑偶欠子，中年劳或奔波，晚年吉祥，老来得荣。
1756,13,廊,火,性刚果断，多相克，中年多劳，晚年吉祥。
1757,13,炼,火,清雅伶俐，多才巧智，出外大吉，中年平，晚年隆昌。
1758,13,零,火,有才能理智，清雅荣贵，中年吉祥，晚年隆昌，子孙兴旺。
1759,13,禄,火,理智充足，刑克父母，一生清雅荣贵，福禄双收，中年平凡，晚年隆昌。
1760,13,路,火,清雅秀气，福禄双收，身弱多病，忌车怕水，晚年吉祥。
1761,13,煤,火,有才能理智但无运，中年劳苦或潦倒，晚年吉祥。
1762,13,睦,火,智勇双全，精明公正，温和贤能，官运旺，一生享福。
1763,13,乃,火,刑偶伤子，多才巧智，清雅荣贵，中年成功，晚年劳神。
1764,13,农,火,一生温和贤能，智勇双全，中年劳，晚年吉祥，精诚之字。
1765,13,暖,火,晚婚或迟得子大吉，秀气多才，出外隆昌，中年吉祥。
1766,13,稔,火,一生清雅荣贵，中年吉祥，晚年隆昌，环境良好。
1767,13,塔,火,克妻伤子，忧心劳神，福禄双收，中年离乱，晚年吉祥。
1768,13,艇,火,奔波劳苦，智勇双全，吉凶参半，中年劳，晚年吉祥。
1769,13,退,火,奔波劳苦，一贫如洗，中年潦倒，短寿之字。
1770,13,脱,火,奔波劳苦，身弱多病，中年劳苦，晚年吉祥。
1771,13,炜,火,多才贤能，清雅荣贵，中年成功隆昌，出国之格。
1772,13,煊,火,清雅多才，贤能精诚，官运旺，中年有灾，晚年隆昌，出国之字。
1773,13,烟,火,清雅伶俐，多才巧智，中年有灾，晚年吉祥。
1774,13,琰,火,性刚果断，一生清雅多才，中年吉祥隆昌，晚年劳神。
1775,13,扬,火,智勇双全，多才贤能，名利双收，荣贵出国，富贵之字。
1776,13,炀,火,性刚口快，一生清雅，刑偶欠子，官旺，短寿之字。
1777,13,虞,火,忧心劳神，事劳无功，中年多灾，晚年吉祥。
1778,13,煜,火,一生清雅荣贵，勤敏多才，中年成功隆昌，出国之字，忌车怕水。
1779,13,詹,火,英敏多才，清雅贤能，福禄双收，武官吉，女人薄幸。
1780,13,照,火,胆识丰富，多才荣贵，官运旺，中年有灾，晚年隆昌。
1781,13,雉,火,一生清雅荣贵，理智充足，中年吉祥，晚年劳神。
1782,13,追,火,忧心劳神，事劳无功，中年多灾，晚年吉祥。
1783,13,琢,火,出外逢贵得财，智勇双全，中年成功隆昌，环境良好。
1784,13,阿,土,下贱之字，忧心劳神，身弱多病，中年劳，晚年吉祥。
1785,13,矮,土,忧心劳神，事劳无功，一生多灾，身弱短寿，不雅之字。
1786,13,爱,土,多才伶俐，出外吉祥，中年劳，晚年吉祥，清雅之字。
1787,13,暗,土,不祥之字，暗淡无光，身弱短寿，不幸多灾，一生贫困。
1788,13,奥,土,二子吉祥，多才贤能，中年吉祥，晚年劳神。
1789,13,碑,土,破相则中年成功隆昌，无破相则中年劳苦，晚年吉祥，平凡之字。
1790,13,话,土,口快心直，多才贤能，福禄双收，中年劳，晚年隆昌。
1791,13,块,土,多忧少乐，事劳无功，中年多灾，晚年吉祥。
1792,13,圣,土,学问丰富，清雅荣贵，官运旺盛，成功隆昌，享福终世之字。
1793,13,琬,土,一生多福，清雅荣贵，中年成功隆昌，出国之字，荣贵之字。
1794,13,碗,土,温和贤能，智勇双全，中年平凡，晚年吉祥，出国之字。
1795,13,温,土,一生清雅多才，刑偶伤子，中年吉祥，晚年劳神。
1796,13,握,土,忧心劳神，事劳无功，中年吉祥，晚年劳神。
1797,13,勋,土,刑偶伤子，晚婚吉祥，中年吉祥，晚年隆昌，环境良好。
1798,13,衙,土,有才能理智，清雅荣贵，中年成功隆昌，出国之字。
1799,13,爷,土,温和慈祥，有成人之美德，中年吉祥，晚年劳神。
1800,13,意,土,外观幸福，内心多忧，刑偶伤子，中年劳，晚年隆昌。
1801,13,裔,土,刑克父母，官运旺，中年劳，晚年隆昌，荣贵之字。
1802,13,饮,土,刑偶欠子，命途多舛，难得幸福，短寿之字。
1803,13,佣,土,刑偶欠子，清雅荣贵，克己助人，名利双收，贤能多才，晚年多疾。
1804,13,雍,土,性刚果断，智勇双全，中年成功隆昌，晚年劳神，忌车怕水。
1805,13,犹,土,多才荣贵，英雄豪爽，中年吉祥，晚年隆昌。
1806,13,园,土,清雅荣贵，有文士之风，财官两旺，中年成功隆昌，富贵享福。
1807,13,圆,土,秀气贤淑，少年艰难，中年吉祥，荣贵幸福。
1808,13,稚,土,智勇双全，清雅荣贵，福禄丰厚，名利双收，幸福之字。
1809,14,察,金,二子吉祥，清雅多才，一生平凡，晚年隆昌，保守之字。
1810,14,玚,金,刑克父母，刑偶伤子，中年奔波，晚年吉祥发达。
1811,14,称,金,一生清荣多才，中年多劳，晚年吉祥，但劳神之字。
1812,14,诚,金,精明公正，智勇双全，名利双收，中年成功隆昌，晚年劳神。
1813,14,绸,金,清雅秀气，多才贤能，小心爱情厄，中年吉祥，晚年劳神。
1814,14,慈,金,温和贤能，多才秀气，中年吉祥，晚年隆昌但劳神。
1815,14,粹,金,有爱情烦恼，事劳无功，中年多灾，晚年吉祥。
1816,14,翠,金,小心爱情厄，清秀温和，中年多劳，晚年隆昌，幸福之字。
1817,14,阀,金,性刚果断，意气用事，杀人被杀，有牢狱之灾，短寿之字。
1818,14,署,金,忧心劳神，刑偶伤子，中年劳，晚年吉祥，子孙兴旺。
1819,14,划,金,多忧少乐，晚婚大吉，中年劳，晚年吉祥。
1820,14,精,金,胆识丰富，官或财旺，一生荣贵隆昌，环境良好，女人刑夫。
1821,14,聚,金,忧心劳神，事劳无功，一生多灾，晚年吉祥。
1822,14,铭,金,智勇双全，精明公正，福禄双收，名利有份，安享尊荣之字。
1823,14,齐,金,清雅多才，学识渊博，中年吉祥，晚年劳神。
1824,14,綮,金,清雅荣贵，多才贤能，中年成功隆昌，有爱情厄。
1825,14,铨,金,精明公正，身瘦多才，清雅荣贵，中年成功隆昌，环境良好。
1826,14,认,金,忧心劳神，病弱短寿，一生多灾，有爱情厄，晚年吉祥。
1827,14,瑞,金,英俊才人，多才荣贵，教育界大吉，成功隆昌，女人身瘦多厄。
1828,14,僧,金,温和伶俐，一生清雅多才，中年吉祥，晚年隆昌。
1829,14,韶,金,带刀厄，刑偶伤子，福禄双收，中年吉祥，晚年隆昌。
1830,14,慎,金,福禄双收，智能非凡，二子吉祥，中年平，晚年隆昌。
1831,14,誓,金,福禄双收，口快伤人，杀人被杀，有牢狱之灾，女人再嫁。
1832,14,寿,金,环境良好，财官两旺，身弱多病，晚年劳神。
1833,14,绶,金,忧心劳神，一生勤俭温和，中年劳，晚年吉祥，短寿之字。
1834,14,说,金,出外吉祥，智勇双全，中年吉祥，环境良好，女人多灾，薄幸之字。
1835,14,诵,金,一生清雅伶俐，秀气多才，中年平，晚年吉祥。
1836,14,速,金,出外吉祥，一生多才清雅，中年劳，晚年吉祥，小心爱情厄。
1837,14,酸,金,清雅多才，勤俭贤能，中年吉祥，出外大吉，女人薄幸。
1838,14,铜,金,多才温和，晚婚迟得子吉，福禄双收，名利有份，环境良好，女人短寿。
1839,14,僖,金,多才温和，刑偶伤子，福禄双收，中年隆昌，环境良好，短寿之字。
1840,14,衔,金,精明公正，操守廉正，中年成功隆昌，名利双收，富贵之字。
1841,14,线,金,一生清雅多才，良善积德，忠厚温和，中年吉祥，女人身弱短寿。
1842,14,像,金,性刚口快，慷慨待人，中年劳或奔波，晚年吉祥，双妻之格。
1843,14,需,金,清雅荣贵，多才贤能，中年吉祥，晚年隆昌，环境良好。
1844,14,银,金,刑偶伤子，清雅多才，英雄豪杰，环境良好，女人有爱情厄。
1845,14,瑜,金,学识渊博，官运旺，清雅荣贵，成功隆昌，名利双收，出国之字。
1846,14,造,金,出外吉祥，清雅多才，中年吉祥，晚年隆昌，福禄双收。
1847,14,甄,金,秀气清雅，出外吉祥，中年平凡，晚年吉祥，环境良好。
1848,14,赈,金,刑偶伤子，天生聪颖，中年多灾，晚年吉祥幸福。
1849,14,帚,金,不祥之字，暗淡无光，一生潦倒，病弱短寿。
1850,14,综,金,英敏之才，天生聪颖，中年成功隆昌，晚年劳神之字。
1851,14,粽,金,勤俭治家，忠厚善良，中年劳，晚年吉祥，环境良好。
1852,14,榜,木,多才巧智，清雅荣贵，成功隆昌，环境良好，子孙兴旺。
1853,14,菜,木,秀气伶俐，清雅多才，身瘦温和，中年劳，晚年隆昌，荣幸之字。
1854,14,尝,木,一生荣幸，所谋如意，贵人明现，小心爱情厄，晚年隆昌。
1855,14,纲,木,口快心直，多才巧智，武职吉，中年劳，晚年隆昌，女人有爱情厄。
1856,14,诰,木,智勇双全，禄享千钟，中年吉祥，晚年隆昌，官旺之字。
1857,14,歌,木,出外吉祥，一生清雅，刑偶伤子，中年劳，晚年吉祥。
1858,14,构,木,清雅多才，义利分明，中年多劳，晚年吉祥，环境良好。
1859,14,鼓,木,忧心劳神，事劳无功，中年多灾，晚年隆昌。
1860,14,管,木,多才贤能，清雅温和，福禄双收，忌车怕水，中年劳，晚年吉祥。
1861,14,赫,木,命硬多相克，身弱多病，中年劳，晚年吉祥。
1862,14,槐,木,忧心劳神，事劳无功，怀才不遇，中年劳，晚年吉祥。
1863,14,箕,木,英敏佳人，贵人明现，二子吉祥，中年劳，晚年隆昌。
1864,14,嘉,木,清雅荣贵，成功隆昌，晚婚大吉，多才温和，出国之格。
1865,14,笺,木,外祥内苦，身弱多病，中年劳，晚年吉祥，短寿之字。
1866,14,降,木,忧心劳神，出外吉祥，中年多劳，晚年隆昌。
1867,14,侥,木,勤俭治家，家声克振，重义信用，福禄双收，刑偶出外之字。
1868,14,诫,木,忧心劳神，事劳无功，中年多灾，晚年吉祥，小心牢狱之灾。
1869,14,紧,木,忧心劳神，事劳无功，中年多灾，身弱短寿。
1870,14,菁,木,温和贤淑，秀气多才，中年吉祥，晚年劳神，有爱情厄。
1871,14,兢,木,破相或身弱多病，刑偶伤子，不幸多灾，一生难幸福。
1872,14,菊,木,小心爱情烦恼，清秀伶俐，多才荣贵，中年吉祥，晚年隆昌。
1873,14,郡,木,一生出外吉祥，奔波劳苦，中年多劳，晚年吉祥隆昌。
1874,14,犒,木,性刚果断，刑偶伤子，福禄双收，欠仁和，晚年吉祥。
1875,14,魁,木,智勇双全，清雅荣贵，中年吉祥，晚年隆昌，福寿兴家。
1876,14,榔,木,性刚果断，刑偶伤子，中年多灾，晚年吉祥。
1877,14,菱,木,出外逢贵得财，中年吉祥，晚年隆昌，贤能多才，老来劳神。
1878,14,榴,木,学识丰富，多才贤能，出国之格，成功隆昌，环境良好。
1879,14,萌,木,幼年辛苦，英雄之格，忌车怕水，中年小心，晚年吉祥。
1880,14,幕,木,忧心劳神，事劳无功，中年潦倒，晚年吉祥。
1881,14,裴,木,出外吉祥，忧心劳神，怀才不遇，中年劳，晚年吉祥。
1882,14,旗,木,性刚口快，一生多灾，中年多劳，奔波潦倒，晚年劳神。
1883,14,綦,木,性刚果断，有凶死之兆，或破相牢狱之灾，中年劳，晚年吉祥。
1884,14,绮,木,温和贤淑，秀气多才，有爱情厄，中年平，晚年吉祥，福禄之字。
1885,14,枪,木,智勇双全，福禄双收，中年吉祥，晚年隆昌，双妻之格。
1886,14,侨,木,刑偶伤子，一生清雅荣贵，中年吉祥，晚年劳神。
1887,14,轻,木,忧心劳神，事劳无功，怀才不遇，身弱短寿，忌车怕水。
1888,14,荣,木,吉凶分明，吉则清雅荣贵，成功隆昌，凶则杀人被杀，有牢狱之灾，恶死凶亡。
1889,14,榕,木,福禄双收，天生聪颖，荣贵贤能，中年成功隆昌，出国之格。
1890,14,瑟,木,理智充足，清雅秀气，中年平凡，晚年隆昌，子孙兴旺。
1891,14,菘,木,清雅荣贵，操守廉正，官运旺，出国之字，成功享福。
1892,14,算,木,幼年艰难，刑偶欠子，清雅多才，中年劳，晚年吉祥。
1893,14,菀,木,清雅伶俐，多才贤能，勤俭建业，名利双收，荣幸之字。
1894,14,伪,木,忧心劳神，事劳无功，中年多灾，晚年吉祥，有才无运。
1895,14,榭,木,学识渊博，财官两旺，荣贵隆昌，环境良好。
1896,14,疑,木,暗淡无光，命途多舛，一生多灾，短寿自杀。
1897,14,语,木,有爱情厄，清雅多才，福禄双收，中年吉祥，环境良好。
1898,14,愿,木,忧心劳神，一生清雅多才，小心爱情厄，中年劳，晚年吉祥。
1899,14,肇,木,精明公正，忠厚多才，清雅荣贵，官运旺，成功隆昌，名利双收。
1900,14,饱,水,重信用，勤俭治家，中年劳或奔波，晚年吉祥。
1901,14,鼻,水,不祥之字，刑偶伤子，有爱情烦恼，短寿多灾，晚年吉祥。
1902,14,币,水,不祥之字，多灾难，一贫如洗，病弱短寿。
1903,14,碧,水,一生清荣，中年成功隆昌，环境良好，双妻之格，女人多病，短寿之格。
1904,14,宾,水,克父命，智勇双全，义利分明，中年吉祥，晚年隆昌，二子吉祥。
1905,14,沧,水,身瘦多才，清雅伶俐，中年多灾，晚年享福。
1906,14,涤,水,温和贤淑，清雅荣贵，官运旺，环境良好，出国之字。
1907,14,滇,水,温和贤淑，勤俭兴家，二子吉祥，出国之字，成功隆昌。
1908,14,蜜,水,环境良好，温和多才，有爱情厄，中年平，晚年隆昌。
1909,14,绵,水,一生清雅荣贵，多才贤能，环境良好，女人秀气贤淑，忌水厄。
1910,14,熊,水,胆识丰富，智勇双全，中年吉祥，晚年隆昌，荣贵之字。
1911,14,逢,水,贵人明显，出外吉祥，中年吉祥，晚年隆昌，荣贵之字。
1912,14,凤,水,学问丰富，官运旺，成功隆昌，富贵之字，女人有爱情厄，薄幸之字。
1913,14,孵,水,忧心劳神，外祥内苦，中年肯做肯劳，晚年吉祥。
1914,14,福,水,一生清雅多才，福禄双收，双妻之格，中年吉祥，环境良好。
1915,14,辅,水,胆识丰富，一生清雅荣贵，官运旺，成功隆昌，荣幸之字。
1916,14,滏,水,多才重情，慷慨精诚，中年吉祥，晚年隆昌，官旺之字。
1917,14,阁,水,勤俭治家，忠厚善良，上下敦睦，中年吉祥，环境良好。
1918,14,嘏,水,秀气伶俐，上下敦睦，福禄双收，中年吉祥，出外大吉，环境良好。
1919,14,寡,水,不祥之字，带刀厄，暗淡多灾，命途多舛，一贫如洗，病弱短寿。
1920,14,滚,水,忧心劳神，出外吉祥，中年多灾，晚年吉祥。
1921,14,豪,水,孤独格，兄弟无靠，出外吉祥，福禄双全，环境良好，幸福之字。
1922,14,瑚,水,一生清雅伶俐，智勇双全，福禄双收，一生安详，幸福之字。
1923,14,华,水,天生聪颖，多才贤能，忌车怕水，有爱情厄，中年有灾，晚年吉祥。
1924,14,滑,水,忧心劳神，事劳无功，中年多灾，晚年享福。
1925,14,诲,水,勤俭贤能，口才伶俐，中年吉祥，重情失败，晚年隆昌。
1926,14,魂,水,不祥之字，多灾难，病弱短寿，中年困苦，晚年劳神。
1927,14,溜,水,多才贤能，福禄双收，名利俱全，中年隆昌，晚年劳神。
1928,14,髦,水,忧心劳神，事劳无功，中年多灾，晚年劳神。
1929,14,灭,水,不祥之字，刑克父母，潦倒一生，短寿多灾。
1930,14,闽,水,忧心劳神，刑偶伤子，中年多劳，晚年吉祥，幼年多灾。
1931,14,鸣,水,清雅伶俐，秀气温和，中年吉祥，晚年隆昌，福禄之字。
1932,14,冥,水,子孙兴旺，刑克父母，中年多灾，晚年吉祥，但有不幸之灾。
1933,14,陌,水,才识卓越，气度恢弘，清雅荣贵，成功隆昌，享福终世。
1934,14,萍,水,清雅秀气，多才贤能，中年吉祥，小心为爱情失身，成功出国之字。
1935,14,仆,水,理智充足，多才贤能，清雅荣贵，成功隆昌。
1936,14,溥,水,义利分明，操守廉正，勤俭温和，中年成功隆昌，出国之字。
1937,14,溶,水,清雅秀气，福禄双收，名利分明，中年成功隆昌，享福之字。
1938,14,飒,水,清雅伶俐，温和贤淑，中年吉祥，晚年隆昌，出国之字，小心爱情厄。
1939,14,饲,水,一生清雅多才，勤俭伶俐，小心爱情厄，中年劳，晚年吉祥。
1940,14,溲,水,忧心劳神，事劳无功，身弱短寿，晚年享福。
1941,14,网,水,有爱情烦恼或失身多厄，刑偶伤子，再嫁守寡。
1942,14,闻,水,有爱情厄，清雅伶俐，晚婚大吉，欠子之字，晚年隆昌。
1943,14,舞,水,多才巧智，秀气伶俐，中年多劳，晚年吉祥，环境良好，刑偶伤子。
1944,14,溪,水,事业如意，中年成功隆昌，福禄双收，双妻之命，晚年劳神。
1945,14,熏,水,天生聪颖，名利双收，秀气多才，中年隆昌，荣贵之字。
1946,14,溢,水,兄弟无缘，多才贤能，身弱多病，中年吉祥，晚年劳神。
1947,14,源,水,清雅荣贵，智勇双全，财官两旺，一门兴旺，富贵之字。
1948,14,滋,水,温和贤淑，清秀伶俐，中年吉祥，晚年隆昌，环境良好，贤能之字。
1949,14,畅,火,一生清雅荣贵，天生聪颖，事业如意，环境良好。
1950,14,尘,火,精明公正，义利分明，中年吉祥，晚年隆昌，环境良好。
1951,14,绰,火,一生清雅平凡，秀气伶俐，身弱多病，中年多灾，晚年吉祥。
1952,14,嫡,火,克父命，少年艰难，身瘦多病，中年吉祥，欠子之字，环境良好。
1953,14,端,火,英敏多才，智勇双全，清雅荣贵，中年吉祥，环境良好。
1954,14,对,火,刑偶伤子，中年劳，晚年吉祥，女人薄幸，再嫁守寡之字。
1955,14,尔,火,秀气英敏，温和荣贵，中年吉祥，晚年成功隆昌，出国之字。
1956,14,裹,火,清雅伶俐，出外吉祥，有爱情厄，中年劳，晚年吉祥。
1957,14,奖,火,有爱情厄，奔波劳苦，中年多劳，晚年吉祥。
1958,14,尽,火,清雅伶俐，刑偶欠子，有爱情烦恼，再嫁守寡之字。
1959,14,恺,火,理智充足，一生清雅荣贵，官运旺，中年成功隆昌。
1960,14,辣,火,秀气伶俐，口快心直，勤俭治家，小心爱情厄，吉祥幸福。
1961,14,郎,火,性刚有英雄气派，晚婚吉祥，中年平，晚年吉祥，清雅多才，忌车怕水。
1962,14,连,火,出外吉祥，贵人明现，福禄双收，名利永在，女人不幸多灾。
1963,14,僚,火,清雅多才，二子吉祥，中年多灾，晚年吉祥，重情失败。
1964,14,绫,火,出外逢贵得财，多才伶俐，中年劳，晚年吉祥，女人不幸再嫁。
1965,14,领,火,刑偶伤子，中年多灾，有爱情厄，晚年吉祥，小心牢狱之灾，女人吉祥。
1966,14,绿,火,清秀多才，中年平凡，晚年吉祥，女人不幸，再嫁之字。
1967,14,纶,火,克偶伤子，再嫁守寡，中年多灾，晚年吉祥。
1968,14,嫩,火,多才秀气，肯做肯劳，勤俭治家，中年吉祥，晚年隆昌。
1969,14,宁,火,温和贤淑，多才巧智，中年成功隆昌，荣贵之字。
1970,14,裳,火,天生聪颖，刑偶伤子，晚婚大吉，清雅荣贵，中年成功隆昌，出国之字。
1971,14,台,火,一生清雅，技术大吉，中年奔波，成功隆昌，晚年享福。
1972,14,态,火,身闲心苦，身弱多病，中年劳或潦倒，晚年吉祥。
1973,14,叹,火,命途多舛，一生清雅多才，薄幸多灾，短寿多灾难之字。
1974,14,滕,火,刑偶伤子，或有爱情厄，重情失败，晚年吉祥，晚福之字。
1975,14,通,火,口快伶俐，刑偶伤子，出外大吉，中年劳，晚年吉祥。
1976,14,透,火,奔波劳苦，有爱情厄，中年多劳，晚年吉祥。
1977,14,图,火,一生多才贤能，理智充足，出外大吉，中年吉祥，晚年劳神。
1978,14,团,火,忧心劳神，怀才不遇，中年劳，晚年吉祥。
1979,14,荧,火,天生聪颖，秀气伶俐，中年吉祥，忠厚善良，一门鼎盛。
1980,14,毓,火,学识渊博，清雅荣贵，官运旺，名利双收，出国隆昌之字。
1981,14,彰,火,学识丰富，清雅多才，中年吉祥，晚年隆昌，名利之字。
1982,14,祯,火,清雅荣贵，二子吉祥，天生聪颖，中年成功，环境良好。
1983,14,志,火,口快心直，性刚劳心，中年奔波，晚年成功隆昌。
1984,14,种,火,智勇双全，勤俭治家，中年平凡，晚年吉祥，环境良好。
1985,14,逐,火,清雅荣贵，多才巧智，中年成功隆昌，出国之字。
1986,14,诞,土,出外吉祥，贵人明现，中年平凡，晚年吉祥，一生清雅。
1987,14,监,土,不祥之字，忧心劳神，身弱短寿，中年多灾，难幸福。
1988,14,境,土,英敏多才，清雅荣贵，福禄双收，名利有份，出外大吉，荣贵之字。
1989,14,硕,土,清雅荣贵，多才贤能，中年吉祥，晚年隆昌，二子吉祥。
1990,14,玮,土,清雅伶俐，天生多才，中年吉祥，晚年隆昌，出国之字。
1991,14,瑕,土,出外吉祥，秀气伶俐，温和贤淑，中年劳，晚年隆昌。
1992,14,顼,土,清雅荣贵，二子吉祥，多才贤能，中年成功隆昌，财官两旺。
1993,14,耶,土,刑偶伤子，百事劳苦，性刚口快，中年平，晚年吉祥。
1994,14,瑛,土,清雅荣贵，小心爱情厄，成功隆昌，环境良好。
1995,14,与,土,一生清雅伶俐，多才贤能，中年平凡，晚年隆昌，二子吉祥。
1996,15,婵,金,秀气多才，福禄双收，名利永在，中年成功隆昌，环境良好。
1997,15,肠,金,忧心劳神，事劳无功，身弱短寿，难幸福，多灾难。
1998,15,冲,金,多刑克，不祥之字，一生潦倒困苦，病弱短寿，忌车怕水，难得幸福。
1999,15,锄,金,刑偶伤子，多才贤能，中年劳或奔波，晚年吉祥。
2000,15,赐,金,多刑克，破相或多疾，病弱孤独，中年吉祥，短寿之字。
2001,15,熟,金,一贫如洗，欠子多灾，中年平，晚年劳神，多病困苦之字。
2002,15,锋,金,财官两旺，出外逢贵，清雅荣贵，安福尊荣。
2003,15,敷,金,出外吉祥，一生清雅平凡，中年多灾，晚年吉祥。
2004,15,缄,金,有爱情厄，忌车怕水，中年小心，晚年吉祥。
2005,15,剑,金,性刚果断，中年劳或奔波，晚年吉祥，有眼疾。
2006,15,节,金,身弱短寿，二子吉祥，中年吉祥，晚年劳神，清雅多才。
2007,15,靓,金,多才贤能，勤俭治家，中年吉祥，晚年隆昌。
2008,15,剧,金,带刀厄，杀人被杀，有牢狱之灾，病弱短寿，一生不幸。
2009,15,劈,金,带刀厄，不祥之字，一贫如洗，病弱短寿，多灾难，出国之格。
2010,15,铺,金,一生清雅伶俐，贵人明现，中年平凡，晚年吉祥隆昌。
2011,15,请,金,清雅温和，伶俐多才，中年平凡，晚年隆昌，环境良好。
2012,15,趣,金,刑偶伤子，出外吉祥，中年劳，晚年隆昌，女人再嫁守寡。
2013,15,锐,金,刑偶伤子，清雅伶俐，中年劳，晚年吉祥，小心爱情厄。
2014,15,赏,金,义利分明，名利双收，二子吉祥，中年吉祥，晚年隆昌。
2015,15,审,金,福禄双收，一生清雅伶俐，中年劳，晚年吉祥，劳神之字。
2016,15,蚀,金,秀气荣幸，温和忠厚，中年多灾，晚年吉祥。
2017,15,数,金,有爱情烦恼，身弱短寿，出外吉祥，中年劳，晚年隆昌，男人多才贤能。
2018,15,锈,金,小心爱情厄，一生清雅多才，刑偶欠子，晚年吉祥。
2019,15,绪,金,智勇双全，清雅多才，晚婚迟得子大吉，中年劳，晚年吉祥。
2020,15,帜,金,有爱情厄，忌车怕水，晚婚迟得子吉，晚年吉祥。
2021,15,谆,金,晚婚迟得子吉，中年劳，晚年吉祥。
2022,15,葆,木,智勇双全，清雅多才，中年平凡，晚年隆昌，忌车怕水。
2023,15,标,木,一生清雅多才，天生聪颖，多子之格，双妻之格。
2024,15,槽,木,外祥内苦，刑偶伤子，有爱情烦恼，中年劳，晚年吉祥。
2025,15,樗,木,刑克父母，忧心劳神，身弱多病，中年多灾，晚年吉祥。
2026,15,葱,木,雨夜之花，暗淡无光，一生多灾，再嫁守寡，身弱短寿。
2027,15,稻,木,身瘦多才，清雅温和，中年劳或奔波，晚年吉祥。
2028,15,蒂,木,清雅多才，秀气贤能，中年吉祥，晚年隆昌幸福。
2029,15,面,木,刑偶伤子，早婚半途，有爱情烦恼，中年劳，晚年吉祥。
2030,15,樊,木,多刑克，多灾难，刑偶伤子，一贫如洗，配合得宜，成功隆昌。
2031,15,巩,木,性刚口快，武官大吉，刑偶伤子，中年劳，晚年吉祥。
2032,15,广,木,刑克父母，一生清雅伶俐，身弱多才，中年劳，晚年吉祥，教育界大吉。
2033,15,郭,木,一生清雅，智勇双全，中年劳或奔波，晚年吉祥隆昌。
2034,15,葫,木,忧心劳神，一贫如洗，有爱情烦恼，难幸福，再嫁守寡之字。
2035,15,价,木,克父命，多才巧智，清雅伶俐，二子吉祥，晚年隆昌。
2036,15,驾,木,多相克，清雅多才，中年劳或奔波，晚年吉祥。
2037,15,稼,木,福禄双收，名利有份，出外吉祥，中年成功隆昌。
2038,15,俭,木,疾病困苦，事劳无功，肯做肯劳，勤俭治家，难幸福。
2039,15,箭,木,多相克，中年奔波劳苦，多灾难，晚年吉祥。
2040,15,娇,木,有爱情烦恼，刑偶伤子，再嫁守寡，病弱短寿，晚年隆昌。
2041,15,颉,木,清雅荣贵，智勇双全，官运旺，名利双收，二子吉祥，出国之字。
2042,15,驹,木,秀气贤能，清雅荣贵，福禄双收，环境良好，小心爱情厄。
2043,15,慷,木,一生慷慨待人，智勇双全，中年劳或奔波，晚年吉祥。
2044,15,靠,木,多才温和，清雅伶俐，中年劳，晚年吉祥，福禄双收。
2045,15,课,木,少年艰难，中年平凡，晚年吉祥隆昌，环境良好。
2046,15,宽,木,清雅多才，荣贵隆昌，中年吉祥，环境良好，女人薄幸，多灾短寿。
2047,15,款,木,忧心劳神，事劳无功，刑偶欠子，身弱多灾，再嫁守寡之字。
2048,15,葵,木,清雅多才，秀气伶俐，官运旺，中年成功隆昌，环境良好。
2049,15,楼,木,学问丰富，福禄双收，智勇双全，武官大吉，成功隆昌，兴家之字。
2050,15,模,木,清雅荣贵，多才贤能，中年成功隆昌，晚年环境良好，出国之格。
2051,15,篇,木,天生聪颖，秀气巧妙，中年劳或潦倒，晚年吉祥。
2052,15,庆,木,福禄双收，智勇双全，名利双收，一生多才，环境良好。
2053,15,穷,木,潦倒一生，一贫如洗，一生难幸福，中年劳，晚年吉祥。
2054,15,枢,木,清雅多才，福禄双收，名利有份，成功隆昌。
2055,15,妩,木,刑偶伤子，贫苦多舛，身弱多病，一生困苦多灾。
2056,15,贤,木,二子吉祥，多才巧智，中年平，晚年吉祥，但短寿。
2057,15,箱,木,小心爱情厄，一生清雅温和，中年吉祥，晚年劳神，不幸之字。
2058,15,萱,木,学识渊博，一生多才，清雅荣贵，官运旺，福寿出国。
2059,15,样,木,性刚口快，少年艰难，中年劳，晚年吉祥，出外吉祥。
2060,15,仪,木,忠厚善良，勤俭伶俐，名利双收，清雅荣贵，富贵之字。
2061,15,谊,木,温和多才，贤能勤俭，财官皆旺，中年成功隆昌。
2062,15,毅,木,学识渊博，清雅荣贵，出外吉祥，出国之字，多才贤能。
2063,15,莹,木,名利双收，智勇双全，中年成功隆昌，出国之字。
2064,15,樟,木,忠厚善良，勤俭治家，一生中年多灾，晚年吉祥。
2065,15,箴,木,口快心直，一生清雅伶俐，出外吉祥，中年平凡，晚年吉祥，刑偶伤子。
2066,15,褒,水,出外吉祥，多才贤能，义利分明，中年劳，晚年吉祥。
2067,15,暴,水,性刚口快，口才伶俐，中年多灾，晚年吉祥。
2068,15,辈,水,忧心劳神，性刚果断，中年多灾，晚年吉祥，子孙兴旺。
2069,15,编,水,秀气伶俐，多才贤能，中年劳，或潦倒，晚年吉祥。
2070,15,蝙,水,忧心劳神，刑偶伤子，中年劳，晚年吉祥。
2071,15,饼,水,秀气伶俐，天生聪颖，中年多灾，女人有爱情厄。
2072,15,部,水,刑偶伤子，中年劳苦，家庭不和，晚年吉祥。
2073,15,醇,水,天生聪明，理智充足，清雅多才，中年吉祥，晚年隆昌。
2074,15,范,水,胆识丰富，多才贤能，中年劳，出外吉祥，晚年昌盛。
2075,15,蝠,水,刑克父母，忧心劳神，一贫如洗，刑偶伤子。
2076,15,赋,水,多愁多劳，命途多舛，身弱短寿，忌车怕水，孑然一身。
2077,15,虢,水,英敏性刚，武官大吉，清雅荣贵，忠厚多才，出国之格，荣昌之字。
2078,15,汉,水,义利分明，荣贵隆昌，刑偶欠子，中年平，晚年吉祥，英雄之格。
2079,15,滹,水,刑偶伤子，性刚果断，中年多灾，晚年吉祥。
2080,15,浒,水,口才伶俐，一生聪明，中年劳，晚年隆昌，清闲之字。
2081,15,辉,水,性刚果断，幼年多灾，中年吉祥，晚年隆昌，环境良好，出国之字。
2082,15,慧,水,聪明伶俐，清雅温和，中年劳，晚年吉祥。
2083,15,履,水,英敏佳人，上下敦睦，出外吉祥，中年吉祥，晚年隆昌。
2084,15,卖,水,刑偶伤子，忧心劳神，中年多灾，晚年享福，二子吉祥。
2085,15,满,水,有爱情烦恼，身弱短寿，难幸福，再嫁守寡，成功隆昌。
2086,15,慢,水,秀气伶俐，多才贤能，出外吉祥，中年平凡，晚年隆昌。
2087,15,漫,水,秀气温和，勤俭治家，中年吉祥，晚年隆昌，出外吉祥，出国成功。
2088,15,貌,水,忧心劳神，损丁破财，中年多灾，晚年吉祥，但劳神之字。
2089,15,庙,水,清雅荣贵，福禄双收，中年劳，晚年吉祥。
2090,15,瞑,水,忧心劳神，事劳无功，一生多灾，不祥之字。
2091,15,摸,水,清雅多才，忠厚善良，医界大吉，中年吉祥，晚年隆昌，忌车怕水。
2092,15,摩,水,多忧少乐，外祥内苦，中年多舛，晚年吉祥但劳神。
2093,15,漠,水,清雅荣贵，忠厚善良，中年吉祥，晚年隆昌，忌车怕水。
2094,15,墨,水,忧心劳神，怀才不遇，中年劳或潦倒，晚年吉祥。
2095,15,慕,水,性刚果断，有牢狱之灾，多灾难，中年劳苦，晚年吉祥。
2096,15,暮,水,晚婚迟得子吉，一生多灾，刑偶伤子，晚年吉祥。
2097,15,盘,水,身瘦伶俐，刑克父母，中年吉祥，晚年劳神，长寿之字。
2098,15,赔,水,福禄双收，智勇双全，中年成功隆昌，环境良好，荣贵之字。
2099,15,翩,水,忌车怕水，清雅多才，中年劳或克偶，晚年吉祥。
2100,15,漂,水,福禄双收，少年艰难，中年虽吉多灾，晚年隆昌，短寿之字。
2101,15,魄,水,不祥之字，一贫如洗，病弱短寿，抱恨九泉，不幸之字。
2102,15,漱,水,口快心直，刑偶伤子，中年吉祥，晚年劳神，欠子之字。
2103,15,霆,水,智勇双全，精明公正，出外吉祥，官运旺，中年成功隆昌。
2104,15,万,水,刑克父母，一生孤劳，事劳无功，虽有成功，但昙花一现。
2105,15,嬉,水,温和贤淑，福禄双收，中年成功隆昌，秀气伶俐。
2106,15,虾,水,秀气伶俐，温和贤淑，出外吉祥，中年平，晚年隆昌。
2107,15,霄,水,聪明伶俐，刑偶欠子，小心爱情厄，中年多劳，晚年吉祥但劳神。
2108,15,漩,水,温和伶俐，清雅贤淑，中年劳苦，晚年隆昌。
2109,15,演,水,一生清雅多才，家声克振，中年吉祥，晚年劳神，二子吉祥。
2110,15,漪,水,秀气伶俐，温和贤淑，中年吉祥，晚年隆昌，短寿之字。
2111,15,渔,水,一生清雅伶俐，多才福寿，环境良好。
2112,15,涨,水,忧心劳神，刑偶欠子，出外吉祥，中年多灾，晚年吉祥。
2113,15,震,水,勤俭建业，家声克振，智勇双全，武官吉祥，中年有灾。
2114,15,渍,水,福祉绵远，克己助人，智勇双全，中年吉祥，环境良好。
2115,15,皑,火,多才巧智，多才贤能，官运旺，中年成功隆昌，出国之字。
2116,15,层,火,英雄格，秀气伶俐，一生多灾，晚婚吉，晚年吉祥。
2117,15,彻,火,出外吉祥，清雅多才，中年劳或奔波，晚年吉祥，环境良好。
2118,15,除,火,勤俭持家，二子吉祥，忌车怕水，中年劳，晚年吉祥。
2119,15,弹,火,性刚果断，一生多灾，身弱多劳，虽有才能，难望幸福。
2120,15,德,火,多才巧智，温和贤能，中年劳，晚年成功隆昌，环境良好。
2121,15,敌,火,忧心劳神，事劳无功，中年多灾，晚年吉祥，劳神之字。
2122,15,缔,火,一生清雅，秀气伶俐，福禄双收，名利有份，清贵之字。
2123,15,调,火,福禄双收，重信用，多才伶俐，中年吉祥，环境良好。
2124,15,蝶,火,有爱情烦恼，刑偶伤子，秀气伶俐，中年吉祥，晚年劳神。
2125,15,董,火,英敏才人，理智充足，中年吉祥隆昌，晚年劳神。
2126,15,缎,火,多才贤能，清雅荣贵，中年劳，晚年吉祥，出外大吉。
2127,15,缓,火,清雅秀气，小心爱情厄，中年劳，晚年吉祥，出外隆昌。
2128,15,践,火,智勇双全，温和精诚，忌车怕水，中年有灾，晚年吉祥。
2129,15,瑾,火,智勇双全，多才贤能，中年成功隆昌，学识渊博，出国之字。
2130,15,进,火,天生聪颖，刑偶伤子，中年平凡，吉祥隆昌，出外大吉，环境良好。
2131,15,乐,火,英敏多才，子孙兴旺，中年多灾，晚年吉祥隆昌。
2132,15,厉,火,刑偶伤子，清雅英敏，中年平凡，晚年吉祥，荣幸之字。
2133,15,练,火,福禄双收，克己助人，安福尊荣，女人小心爱情厄，环境良好。
2134,15,谅,火,一生保守平凡，晚婚迟得子大吉，中年多灾，晚年吉祥。
2135,15,寮,火,天生聪颖，清雅多才，中年劳，晚年吉祥，环境良好。
2136,15,刘,火,英敏之才，清雅伶俐，二子吉祥，中年劳，晚年吉祥。
2137,15,鲁,火,多才贤能，温和伶俐，晚婚迟见子吉，中年劳，晚年隆昌。
2138,15,虑,火,一生清雅伶俐，多才贤能，中年劳，晚年吉祥。
2139,15,轮,火,有才能理智，清雅伶俐，中年劳，晚年吉祥，女人有爱情烦恼。
2140,15,论,火,克父命，清雅多才，温和伶俐，中年劳，晚年吉祥。
2141,15,鼐,火,学识渊博，清雅荣贵，中年成功隆昌，官运旺，出国之格。
2142,15,闹,火,少年艰难，离祖成功，中年劳，晚年吉祥。
2143,15,僻,火,忧心劳神，事劳无功，一生命途多舛，病弱短寿。
2144,15,热,火,一贫如洗，身弱多病，刑偶伤子，中年吉祥，晚年劳神。
2145,15,谈,火,性刚口快，口才伶俐，多才清雅，中年劳，晚年吉祥。
2146,15,瑭,火,多才贤能，温和忠厚，勤俭治家，中年吉祥，清雅平凡。
2147,15,缇,火,晚婚迟得子大吉，出外吉祥，中年平，晚年吉祥，女人小心爱情厄。
2148,15,腰,火,父母无缘，忧心劳神，中年吉祥，晚年劳神，平凡欠子之字。
2149,15,暂,火,晚婚迟得子吉，中年劳，晚年吉祥。
2150,15,摘,火,刑偶欠子，清雅多才，福禄双收，中年吉祥，晚年劳神。
2151,15,阵,火,忧心劳神，事劳无功，中年吉祥，晚年多灾，不幸短寿。
2152,15,征,火,刑偶伤子，智勇双全，重情失败，成功隆昌，精诚之字。
2153,15,质,火,秀气多才，温和贤淑，二子吉祥，中年吉祥隆昌。
2154,15,驻,火,义利分明，智勇双全，刑偶伤子，中年吉祥，晚年隆昌。
2155,15,鞍,土,晚婚迟得子吉，多才机敏，中年劳，晚年吉祥。
2156,15,墀,土,精明公正，官运旺，智勇双全，清雅荣贵，中年劳，晚年成功。
2157,15,磁,土,多相克，命硬，少年艰难，中年劳苦，晚年隆昌，二子吉祥。
2158,15,磋,土,父母无缘，兄弟无靠，中年多灾，晚年吉祥。
2159,15,墩,土,出外吉祥，忧心劳神，刑偶伤子，晚年吉祥。
2160,15,堕,土,一生清雅荣贵，精明公正，中年成功隆昌，环境良好。
2161,15,欧,土,一生清雅，英敏伶俐，晚年吉祥。
2162,15,坟,土,肯做肯劳，重信用，中年离乱，再嫁之字，身弱多灾，环境良好。
2163,15,糊,土,智勇双全，克己助人，中年吉祥，晚年劳神。
2164,15,蝴,土,秀气伶俐，多才贤能，刑偶伤子，中年隆昌，晚年劳神。
2165,15,磐,土,多相克，一生清雅平凡，晚婚吉祥，晚年隆昌。
2166,15,确,土,忧心劳神，清雅秀气，中年多灾，晚年吉祥。
2167,15,豌,土,秀气伶俐，出外吉祥，中年劳，晚年隆昌，一生幸福。
2168,15,慰,土,智勇双全，清雅荣贵，中年内心多苦，晚年吉祥，劳神之字。
2169,15,娴,土,秀气温和，勤俭制家，中年吉祥，晚年隆昌，出国之字。
2170,15,养,土,忠厚善良，义利分明，福寿绵长，勤俭治家，环境良好，子孙兴旺。
2171,15,叶,土,温和慈善，一生勤敏，耐力强，言多必失，晚年吉祥。
2172,15,亿,土,清雅平凡，保守之格，刑偶欠子，中年吉祥，晚年隆昌，短寿之字。
2173,15,逸,土,一生奔波劳苦，怀才不遇，智勇双全，中年劳，晚年隆昌。
2174,15,影,土,义利分明，清雅多才，中年吉祥，晚年隆昌，荣贵之字。
2175,15,忧,土,不祥之字，忧心劳神，事劳无功，出外吉祥，一贫如洗。
2176,15,邮,土,忧心劳神，少年艰难，中年平凡，晚年吉祥，伶俐之字。
2177,15,院,土,清雅伶俐，多才巧智，中年吉祥，晚婚吉，晚年劳神。
2178,15,阅,土,勤俭持家，肯做肯劳，多才贤能，中年劳，晚年吉祥。
2179,15,增,土,福禄双收，名利有份，中年吉祥，晚年隆昌，荣贵之字。
2180,15,徵,土,学问丰富，名利双收，清雅荣贵，出国之字，子孙兴旺。
2181,16,侪,金,清雅荣贵，勤俭治家，官运旺，中年成功隆昌，出国之字。
2182,16,锤,金,义利分明，克己助人，中年成功隆昌，环境良好。
2183,16,錞,金,秀气英敏，清雅荣贵，中年吉祥，晚年隆昌，环境良好。
2184,16,错,金,晚婚迟得子吉，多才温和，小心爱情厄，中年吉祥，晚年隆昌。
2185,16,雕,金,智勇双全，清雅多才，中年平凡，晚年隆昌，劳神之字。
2186,16,锭,金,刑偶伤子，出外吉祥，清雅荣贵，中年隆昌，晚年劳神，温和之字。
2187,16,醒,金,有爱情烦恼，一生多才，内心多忧，晚年吉祥。
2188,16,钢,金,口快心直，武官大吉，中年劳，刑偶伤子，晚年吉祥。
2189,16,辑,金,口才伶俐，多才有能，中年吉祥，晚年隆昌，名利之字。
2190,16,锦,金,吉凶分明，吉则清贵隆昌，出国富贵，凶则忌车怕水，恶死凶亡。
2191,16,静,金,多才贤能，清雅伶俐，中年平凡，晚年吉祥，小心爱情厄。
2192,16,锯,金,克父命，刑偶伤子，中年劳或多灾，福禄双收，晚年隆昌。
2193,16,穆,金,一生清雅贤能，有才能，英俊但中年劳，晚年吉祥。
2194,16,凭,金,出外吉祥，多才清雅，中年成功隆昌，晚年倍加隆昌。
2195,16,錡,金,清雅荣贵，多才贤能，成功隆昌，官运旺，女人有爱情厄。
2196,16,钱,金,一生清雅伶俐，小巧多才，中年奔波，晚年吉祥隆昌。
2197,16,嫱,金,秀气伶俐，勤俭肯劳，中年小心爱情厄，晚年吉祥，幸福之字。
2198,16,儒,金,多才贤能，精明公正，官运旺，荣贵隆昌，环境良好。
2199,16,睿,金,天生聪颖，多才忠厚，成功隆昌，环境良好，出国之字。
2200,16,颓,金,一生清雅多才，二子吉祥，中年劳或奔波，晚年吉祥。
2201,16,羲,金,温和贤能，义利分明，官运旺，多才忠厚，成功隆昌。
2202,16,谖,金,出外逢贵得财，温和贤能，中年多劳，晚年吉祥。
2203,16,谒,金,口才伶俐，勤俭治家，中年吉祥，有离乱之灾，晚年吉祥。
2204,16,谕,金,胆识丰富，精明公正，官运旺，中年成功隆昌，出国之字。
2205,16,战,金,口快心直，多才贤能，多刑克，中年吉祥，晚年劳神。
2206,16,铮,金,精明公正，克己助人，清雅荣贵，官运旺，中年成功隆昌，出国之字。
2207,16,整,金,妻贤子贵，一生清雅，义利分明，中年吉祥，晚年隆昌。
2208,16,诸,金,清雅多才，温和贤淑，晚婚迟得子吉，中年劳，晚年吉祥。
2209,16,锥,金,一生清雅，多才巧智，一门鼎盛，环境良好。
2210,16,苍,木,一生清雅平凡，天生聪颖，福禄双收，中年劳，晚年吉祥。
2211,16,笃,木,奔波劳苦，中年多灾，晚年吉祥。
2212,16,萼,木,秀气伶俐，刑偶伤子，事劳无功，中年劳，晚年吉祥。
2213,16,树,木,一生清雅多才，特有人缘，中年劳，晚年吉祥，克父命，环境良好。
2214,16,龟,木,多妻，中年吉祥隆昌，刑偶欠子，晚年劳神，环境良好。
2215,16,过,木,暗淡无光，忧心劳神，事劳无功，一生多灾，晚年吉祥。
2216,16,横,木,刑克父母，二子吉祥，一生英敏多才，中年吉祥，晚年隆昌。
2217,16,桦,木,温和贤能，多才忠厚，中年吉祥，晚年隆昌，官旺，出国之字。
2218,16,机,木,口快心直，一生奔波大吉，中年多劳但隆昌，晚年荣幸。
2219,16,冀,木,怀才不遇，外祥内苦，中年多劳，晚年吉祥，二子吉祥。
2220,16,颊,木,忧心劳神，二子吉祥，一生清雅，贵人明现，晚年吉祥。
2221,16,憬,木,妻闲子贵，义利分明，中年成功隆昌，官或财旺，环境良好。
2222,16,橘,木,义利分明，安富尊荣，中年吉祥隆昌，晚年劳神。
2223,16,举,木,小心爱情烦恼，天生聪颖，中年劳，晚年吉祥。
2224,16,麇,木,清秀伶俐，温和贤淑，中年吉祥，晚年隆昌，出国之字。
2225,16,裤,木,一生清雅伶俐，秀气伶俐，中年劳，晚年吉祥，女人不幸之字。
2226,16,窥,木,有情有义，英雄格，中年劳，性刚口快，晚年吉祥。
2227,16,梦,木,清雅荣贵，中年吉祥，环境良好，女人刑偶伤子，不幸之字。
2228,16,器,木,福禄双收，口快心直，多才贤能，刑偶伤子，有爱情烦恼，晚年隆昌。
2229,16,褰,木,暗淡无光，一贫如洗，中年多灾，晚年吉祥，再嫁守寡之字。
2230,16,黔,木,忧心劳神，事劳无功，中年劳，晚年吉祥，环境良好。
2231,16,桥,木,多才温和，清雅伶俐，福禄双收，刑偶伤子，晚婚吉，晚年吉祥。
2232,16,亲,木,意志强，抱负大，但怀才不遇，中年多劳，晚年吉祥。
2233,16,蓉,木,温和忠厚，福禄双收，多才贤能，中年成功隆昌，出国之字。
2234,16,县,木,小心爱情厄，智勇双全，中年劳，忌车怕水，晚年吉祥。
2235,16,筱,木,出外吉祥，秀气巧妙，多才贤能，中年吉祥，晚年隆昌，幸福之字。
2236,16,谐,木,一生清雅平凡，晚婚大吉，中年劳，晚年吉祥隆昌。
2237,16,蓄,木,多才贤能，清雅伶俐，中年劳，勤俭治家，晚年吉祥。
2238,16,谚,木,精明公正，重信用，福禄双收，成功隆昌，环境良好。
2239,16,窑,木,英敏多才，清雅荣贵，中年成功隆昌，劳神多灾。
2240,16,颖,木,智勇双全，义利分明，中年平凡，晚年吉祥，二子兴旺之字。
2241,16,遇,木,奔波劳苦，身弱多病，中年劳，怀才不遇，晚年吉祥。
2242,16,圜,木,有爱情厄，小心多才，英敏勤俭，中年劳，晚年吉祥。
2243,16,蓁,木,清雅荣贵，学识渊博，中年成功隆昌，官运旺，出国之字。
2244,16,筑,木,智勇双全，清雅荣贵，中年吉祥，晚年隆昌，出国之字。
2245,16,樽,木,刑偶伤子，身弱多病，中年劳或潦倒，晚年吉祥，忌车怕水。
2246,16,遍,水,性刚果断，奔波劳苦，出外吉祥，晚年隆昌。
2247,16,潮,水,多才巧智，清雅伶俐，中年劳或刑偶，晚年吉祥隆昌。
2248,16,澄,水,多才贤能，英敏伶俐，中年平，晚年吉祥，环境良好。
2249,16,霖,水,学问丰富，清雅荣贵，官运旺，精明公正，出国之字，富贵之格。
2250,16,霏,水,清雅多才，福禄双收，中年吉祥，小心爱情厄，晚年隆昌。
2251,16,奋,水,英敏之才，清雅荣贵，中年吉祥，小心爱情厄，出国成功之字。
2252,16,愤,水,二子吉祥，性刚果断，身弱短寿，中年吉祥，晚年多病。
2253,16,颔,水,清雅伶俐，二子吉祥，中年平凡，晚年隆昌，名利之字。
2254,16,潢,水,克父命，身瘦多才，贤能温和，中年吉祥，晚年隆昌。
2255,16,浇,水,刑偶伤子，克父命，出外吉祥，中年平，晚年隆昌，官运旺。
2256,16,洁,水,忧心劳神，事劳无功，有爱情烦恼，不幸再嫁。
2257,16,溃,水,清雅荣贵，勤俭治家，家声克振，二子吉祥，环境良好。
2258,16,瞒,水,忧心劳神，事劳无功，有爱情烦恼，短寿自杀。
2259,16,默,水,清闲伶俐，多才敦睦，中年成功隆昌，出国之格，忌木类。
2260,16,谋,水,出外吉祥，温和多才，中年劳但吉祥，晚年隆昌。
2261,16,霓,水,秀气伶俐，清雅荣贵，中年吉祥，小心爱情厄，出国成功。
2262,16,陪,水,理智充足，一生清雅伶俐，福禄双收，一生平凡，保守之字。
2263,16,霈,水,性刚果断，温和多才，中年吉祥，晚年隆昌，环境良好。
2264,16,润,水,福禄双收，福寿兴家，环境良好，安富尊荣。
2265,16,潭,水,克偶欠子，清雅伶俐，中年吉祥，晚年劳神，清雅之字
2266,16,宪,水,小心爱情厄，有才能，官旺英敏伶俐，晚年隆昌。
2267,16,兴,水,温和英敏，清雅多才，中年劳，晚年隆昌，忌车怕水，刑偶欠子。
2268,16,学,水,外祥内忧，多才贤能，中年劳，刑偶伤子，晚年吉祥。
2269,16,陈,火,口快心直，清雅多才，中年劳苦，晚年吉祥。
2270,16,炽,火,精力旺盛，刑偶伤子，出外吉祥，晚婚大吉，成功隆昌，荣贵之字。
2271,16,俦,火,学问丰富，官运旺，一生清雅，成功隆昌，身弱多疾。
2272,16,撮,火,刑克父母，刑偶伤子，出外吉祥，中年劳，晚年吉祥。
2273,16,达,火,学识渊博，安富尊荣，富寿兴家，成功隆昌，出国之字，官旺。
2274,16,导,火,小心爱情厄，多才英雄，中年多灾，晚年吉祥，欠子之字。
2275,16,道,火,智勇双全，精明公正，出外大吉，中年成功隆昌，荣贵出国之字。
2276,16,灯,火,忧心劳神，事劳无功，中年多灾，晚年安详。
2277,16,谛,火,口才伶俐，多才贤能，成功隆昌，女人有爱情厄，晚年多疾。
2278,16,都,火,清雅多才，温和贤能，中年平凡，晚年吉祥，清闲之字。
2279,16,炖,火,一生多才，中年劳，忧心劳神，晚年吉祥，离祖成功。
2280,16,积,火,天生聪颖，一生温和多才，二子吉祥，白手成家，晚年隆昌。
2281,16,赖,火,谋为出众，清雅多才，中年劳，晚年吉祥，环境良好。
2282,16,擂,火,一生清雅多才，忌车怕水，刑偶欠子，孤独守寡，长寿之字。
2283,16,璃,火,不祥之字，多灾难，身弱多病，中年多灾，晚年吉祥。
2284,16,罹,火,一生清雅，谋为出众，中年劳或多灾，晚年吉祥。
2285,16,历,火,晚婚迟得子吉，多忧少乐，中年劳，晚年吉祥，刑偶伤子。
2286,16,琏,火,学识渊博，福禄双收，名利永在，中年成功隆昌，环境良好，出国之格。
2287,16,陵,火,常有祸端，智勇双全，中年成功隆昌，晚年多灾。
2288,16,遛,火,出外逢贵得财，名利双收，中年劳，晚年隆昌。
2289,16,龙,火,克父命，晚婚吉祥，中年多灾，潦倒外出，晚年平凡，多灾之字。
2290,16,卢,火,带血字，多刑克，晚婚吉，中年多劳，晚年吉祥。
2291,16,陆,火,性直口快，少年艰难，中年吉祥，或奔波，晚年隆昌。
2292,16,录,火,智勇双全，性刚口快，中年劳或潦倒，晚年吉祥，环境良好。
2293,16,燃,火,清雅荣贵，财官两旺，福禄双收，名利有份，环境良好，享福之字。
2294,16,烧,火,清雅伶俐，身弱短寿，出外吉祥，中年多灾，短寿多舛。
2295,16,遂,火,一生清雅多才，贤能慷慨，中年劳，晚年吉祥，出外之字。
2296,16,昙,火,暗淡无光，身弱多病，中年有灾，晚年吉祥，不幸短寿。
2297,16,糖,火,福禄双收，口快心直，小心爱情厄，晚年吉祥。
2298,16,螗,火,多才巧智，福禄双收，中年吉祥，晚年隆昌，环境良好。
2299,16,陶,火,多才伶俐，温和贤淑，中年吉祥，晚年隆昌。
2300,16,蹄,火,性刚果断，身弱短寿，中年劳苦，晚年吉祥，不幸之字。
2301,16,头,火,克偶伤子，二子吉祥，欠子，中年平凡，晚年隆昌，环境良好。
2302,16,熹,火,清雅荣贵，克己助人，多才温和，中年吉祥，晚年隆昌。
2303,16,晓,火,胆识丰富，理智充足，出外大吉，官运旺，清雅荣贵，出国之字。
2304,16,璇,火,出外吉祥，小心爱情厄，早婚不和，中年劳，晚年成功隆昌。
2305,16,焰,火,性刚果断，身弱多病，中年多灾，忌车怕水。
2306,16,鸯,火,温和贤淑，多才伶俐，克己助人，中年劳，晚年吉祥。
2307,16,烨,火,秀气多才，温和贤淑，中年吉祥，晚年隆昌，幸福荣贵之字。
2308,16,璋,火,福禄双收，理智充足，吉凶分明，吉则环境良好隆昌，凶则短寿多灾。
2309,16,臻,火,温和多才，操守廉正，中年成功隆昌，官运旺，出国享福之字。
2310,16,谘,火,福禄双收，清雅荣贵，中年成功隆昌，官运旺，出国隆昌。
2311,16,壁,土,刑偶伤子，一生清雅多才，中年吉祥，晚年隆昌，一生享福。
2312,16,衡,土,刑偶伤子，清雅伶俐，中年吉祥，晚年劳神，保守之字。
2313,16,磨,土,一生清雅荣贵，奔波劳苦，内心多忧，中年劳，晚年吉祥。
2314,16,融,土,慈祥有德，一生成功隆昌，所谋如意，环境良好。
2315,16,坛,土,一生安稳收己，勤俭治家，中年吉祥，晚年劳神。
2316,16,谓,土,刑偶伤子，一生多才，忠厚善良，晚年隆昌。
2317,16,歙,土,不祥之字，一生多病，短寿损丁，常生祸端。
2318,16,遐,土,清雅伶俐，一生多才温和，中年吉祥，晚年隆昌，出国之字。
2319,16,鸭,土,多忧少乐，中年劳苦，晚年吉祥，贤能多才，环境良好。
2320,16,燕,土,天生聪颖，清雅多才，忌车怕水，中年吉祥，晚年隆昌。
2321,16,阴,土,一生清雅多才，福禄双收，环境良好，女人不幸。
2322,16,豫,土,忧心劳神，有爱情厄，中年劳，晚年吉祥，身弱短寿。
2323,16,鸳,土,虽清雅多才，温和伶俐，难逃恶运，中年离乱，再嫁守寡之字。
2324,16,运,土,福禄双收，出外吉祥，清雅荣贵，官运旺，环境良好，出国之字。
2325,17,操,金,福禄双收，清雅伶俐，中年劳苦，晚年吉祥，女人身弱。
2326,17,禅,金,温和贤能，怀才不遇，中年劳，晚年吉祥。
2327,17,偿,金,二子吉祥，贤能勤俭，肯做肯劳，义利分明，成功隆昌。
2328,17,聪,金,环境良好，理智充足，晚年隆昌，人缘佳。
2329,17,镀,金,多才巧智，清雅伶俐，中年成功隆昌，子孙兴旺。
2330,17,锻,金,贤能多才，子孙兴旺，温和伶俐，忠厚善良，环境良好，保守之字。
2331,17,锅,金,福禄双收，英敏多才，怀才不遇，中年劳，晚年吉祥。
2332,17,徽,金,多才贤能，温和勤俭，中年成功隆昌，出国之字，名利双收。
2333,17,蹇,金,有爱情烦恼，身弱多病，刑偶伤子，多灾难，不祥之字。
2334,17,饯,金,一生清雅平凡，中年劳，晚年吉祥，小心爱情烦恼，晚年荣幸。
2335,17,键,金,天生聪颖，富贵双全，一生名利双收，成功隆昌，官运旺。
2336,17,骏,金,官或财旺，天生聪颖，出外大吉，富贵隆昌，出国之字。
2337,17,链,金,清雅荣贵，官运旺，中年成功隆昌，女人有爱情烦恼，病弱短寿。
2338,17,镁,金,出外吉祥，一生清雅伶俐，平凡安详之字。
2339,17,縻,金,清雅秀气，小心爱情厄，中年劳，晚年吉祥，短寿之字。
2340,17,锹,金,有爱情烦恼，病弱短寿，刑偶欠子，中年平，晚年吉祥。
2341,17,赛,金,清雅多才，秀气伶俐，二子吉祥，忌车怕水，晚年劳神。
2342,17,声,金,名利双收，福禄永在，清雅荣贵，中年成功，双妻之格。
2343,17,瞬,金,英敏贤能，克父命，中年劳，晚年吉祥，环境良好。
2344,17,耸,金,清雅多才，温和贤能，中年劳，晚年隆昌。
2345,17,缩,金,有爱情烦恼，再嫁守寡，刑偶伤子，一生难幸福。
2346,17,锡,金,温和多才，理智充足，中年劳，成功隆昌，出国之字。
2347,17,鲜,金,清雅荣贵，多才贤能，中年吉祥，晚年隆昌，名利双收。
2348,17,谢,金,一生清雅多才，伶俐勤俭，中年多劳，晚年吉祥。
2349,17,逊,金,奔波劳苦，怀才不遇，中年多灾，晚年隆昌，子孙兴旺。
2350,17,翼,金,英敏佳人，二子吉祥，有才能理智，中年劳，晚年吉祥。
2351,17,糟,金,忧心劳神，事劳无功，刑偶伤子，中年劳，晚年吉祥。
2352,17,斋,金,学问丰富，官运旺，福禄双收，清雅荣昌，富贵之字。
2353,17,总,金,一生清雅多才，义利分明，中年劳，晚年吉祥，双妻之格。
2354,17,馆,木,一生清雅伶俐，福禄双收，中年有灾，晚年吉祥。
2355,17,桧,木,多才贤能，中年成功隆昌，环境良好，晚年劳神。
2356,17,豁,木,忧心劳神，怀才不遇，小心爱情厄，晚年隆昌，福禄之字。
2357,17,击,木,有爱情烦恼，事劳无功，中年多灾，身弱短寿。
2358,17,玑,木,温和贤能，清雅荣贵，中年成功隆昌，官运旺，晚年劳神。
2359,17,觊,木,智勇双全，清雅荣贵，官运旺，中年成功隆昌，出国之格。
2360,17,艰,木,有爱情烦恼，刑偶伤子，中年多灾，晚年吉祥，难幸福。
2361,17,检,木,性刚果断，少年失怙，中年多灾，刑偶伤子。
2362,17,讲,木,口才伶俐，言心守信，和气敦睦，中年平，晚年吉祥，环境良好。
2363,17,矫,木,有爱情烦恼，刑偶伤子，福禄双收，中年劳，晚年吉祥。
2364,17,鞠,木,智勇双全，清雅荣贵，出国之字，中年成功隆昌。
2365,17,糠,木,忧心劳神，事劳无功，中年劳或潦倒，晚年吉祥。
2366,17,颗,木,精明公正，忠厚善良，二子吉祥，中年成功隆昌，环境良好。
2367,17,恳,木,一生清雅多才，温和贤能，中年劳，晚年吉祥，劳神之字。
2368,17,莲,木,吉凶分明，吉则多才贤能，出国隆昌，凶则刑偶伤子，病弱短寿。
2369,17,联,木,事业如意，成功隆昌，环境良好，官或财旺，荣贵之字。
2370,17,敛,木,忧心劳神，刑偶伤子，中年多灾，病弱短寿，不祥之字。
2371,17,蔓,木,秀气温和，多才贤能，中年吉祥，晚年隆昌，荣贵幸福，出国之字。
2372,17,懋,木,智勇双全，义利分明，中年成功隆昌，官运旺，出国之字。
2373,17,蓬,木,清雅荣贵，出外吉祥，中年劳，晚年吉祥，出国之字。
2374,17,谦,木,英敏佳人，口才伶俐，交际巧妙，中年平凡，晚年吉祥，环境良好。
2375,17,擎,木,性刚口快，外祥内苦，刑偶伤子，中年多灾，晚年吉祥。
2376,17,罄,木,英敏清雅，多才贤能，福禄双收，名利有份，荣贵之字。
2377,17,檀,木,清雅荣贵，多才贤能，中年吉祥，晚年隆昌，出国之格。
2378,17,蔚,木,清雅荣贵，官运旺，英敏之才，出国之格，成功隆昌。
2379,17,营,木,忌车怕水，事劳无功，中年多灾，有爱情烦恼，晚年吉祥。
2380,17,狱,木,清雅荣贵，忌车怕水，中年成功隆昌，官运旺，环境良好。
2381,17,岳,木,清雅荣贵，一生福禄双收，中年劳，晚年吉庆。
2382,17,赚,木,勤俭建业，家声克振，福禄双收，中年劳，晚年吉祥。
2383,17,繁,水,刑偶伤子，晚婚大吉，中年平凡，晚年吉祥，女人身弱短寿。
2384,17,缝,水,身弱短寿，外祥内苦，中年劳，晚年吉祥，女人薄幸。
2385,17,缚,水,刑偶伤子，多才英敏，中年成功隆昌，环境良好，老年多灾。
2386,17,鸿,水,精明公正，学识渊博，官运旺，中年成功隆昌，富贵之字。
2387,17,璜,水,刑克父母，英敏多才，中年吉祥，二子吉祥，晚年隆昌。
2388,17,潞,水,福寿兴家，清雅多才，中年吉祥，晚年隆昌，子孙兴旺。
2389,17,弥,水,出外逢贵得财，精明公正，清雅荣贵，中年成功隆昌。
2390,17,浓,水,忠厚善良，勤俭治家，中年虽劳，晚年隆昌，环境良好。
2391,17,蟠,水,多有才能，怀才不遇，中年劳，晚年吉祥，双妻之格。
2392,17,霜,水,忧心劳神，刑偶伤子，中年劳，晚年吉祥，女人不幸。
2393,17,禧,水,一生清雅多才，温和贤能，中年吉祥，晚年隆昌，福禄双收。
2394,17,霞,水,少年艰难，忌车怕水，有爱情烦恼，病弱短寿，晚年吉祥。
2395,17,乡,水,清雅伶俐，多才勇敢，中年吉祥，晚年隆昌，女人有爱情厄。
2396,17,亵,水,忧心劳神，事劳无功，中年奔波，晚年幸福。
2397,17,泽,水,学问丰富，名利双收，官或财旺，智勇双全，一生荣贵。
2398,17,灿,火,克父命，英敏多才，清雅贤能，中年平凡，晚年吉祥隆昌。
2399,17,黛,火,有爱情烦恼，身弱短寿，性刚口快，中年有灾，不幸之字。
2400,17,队,火,出外逢贵得财，清雅伶俐，中年劳，晚年吉祥。
2401,17,临,火,病弱短寿，事劳无功，自杀他杀，配合吉则成功隆昌。
2402,17,绩,火,英雄格，二子吉祥，文雅秀气，出国之格，成功隆昌，荣贵之字。
2403,17,爵,火,官或财旺，一生清雅荣贵，中年成功隆昌，刑偶伤子。
2404,17,儡,火,忧心劳神，事劳无功，身弱多病，一生多灾，晚年吉祥。
2405,17,励,火,聪明伶俐，有才能理智，荣贵隆昌，出国之字。
2406,17,隆,火,克父命，多才小巧，清雅伶俐，中年劳，晚年隆昌。
2407,17,螺,火,清雅伶俐，身弱多病，中年劳，晚年吉祥。
2408,17,麋,火,忠厚善良，克己助人，中年吉祥，晚年隆昌，荣贵之字。
2409,17,黏,火,外祥内苦，或有爱情烦恼，中年多灾，晚年吉祥。
2410,17,燧,火,清雅荣贵，多才贤能，中年吉祥，晚年隆昌，名利双收，出国之格。
2411,17,螳,火,刑偶伤子，清雅多才，中年吉祥，晚年劳神，环境良好。
2412,17,瞳,火,得天时地利，官运旺，一生中年劳，晚年吉祥。
2413,17,襄,火,出外吉祥，慈祥有德，中年劳，晚年吉祥，福禄双收。
2414,17,燥,火,福禄双收，性刚口快，中年有灾，晚婚吉。
2415,17,择,火,一生清雅伶俐，多才贤能，中年劳，晚年吉祥。
2416,17,烛,火,贵人明现，官运旺，清雅荣贵，中年吉祥，晚年隆昌。
2417,17,纵,火,出外逢贵，多才贤能，中年吉祥，晚年隆昌，小心爱情厄。
2418,17,岭,土,福寿兴家，福禄双收，清雅荣贵，官旺隆昌。
2419,17,壕,土,英雄格，重情失败，出外吉祥，中年劳，晚年吉祥。
2420,17,壑,土,天生聪颖，清雅荣贵，官运旺，英敏多才，环境良好。
2421,17,矶,土,刑偶伤子，胆识丰富，中年吉祥，晚年隆昌，环境良好。
2422,17,阳,土,多才巧智，清雅荣贵，中年多劳，晚年隆昌，环境良好。
2423,17,应,土,外祥内苦，刑偶伤子，怀才不遇，中年劳，晚年吉祥。
2424,17,婴,土,清秀聪慧，温和贤淑，中年吉祥，晚年隆昌，环境良好，早婚不宜。
2425,17,拥,土,性刚口快，多才贤能，荣贵隆昌，短寿劳神。
2426,17,优,土,出外成功，清雅伶俐，刑偶伤子，晚年吉祥，女人再嫁，守寡之字。
2427,17,远,土,温和忠厚，勤俭治家，家声克振，少年艰难，忌车怕水，短寿劳神。
2428,18,翱,金,清雅荣贵，福禄双收，操守廉正，出国之格，隆昌之字。
2429,18,璨,金,刑偶伤子，智勇双全，中年劳，晚年成功隆昌。
2430,18,蝉,金,天生聪颖，智勇多才，中年吉祥，晚年隆昌，幸福之字。
2431,18,储,金,晚婚迟得子吉，清雅伶俐，中年平凡，晚年隆昌，环境良好。
2432,18,环,金,出外吉祥，天生聪颖，一生温和贤能，晚婚大吉，出国之格。
2433,18,秽,金,温和伶俐，多才巧智，出外吉祥，中年成功隆昌。
2434,18,铠,金,精明公正，精诚多才，中年成功隆昌，官运旺，出国之字。
2435,18,镕,金,天生聪颖，福禄双收，忠厚善良，中年成功隆昌，环境良好，出国之字。
2436,18,缮,金,福禄双收，多才贤能，克己助人，中年平凡，晚年吉祥隆昌。
2437,18,双,金,多才清雅，中年平，晚年吉祥，女人刑偶伤子，外祥内苦。
2438,18,锁,金,二子吉祥，清雅荣贵，精明公正，中年平凡，晚年隆昌。
2439,18,镒,金,带血字，英敏贤能，刑偶伤子，身弱多病，晚年吉祥。
2440,18,镇,金,英敏多才，贤能勤俭，出国之格，忌车怕水，中年劳，晚年隆昌。
2441,18,织,金,晚婚迟得子吉，小心爱情厄，中年多灾，晚年隆昌，身弱短寿。
2442,18,颛,金,学识渊博，精明公正，克己助人，中年成功隆昌，二子吉祥。
2443,18,槌,木,忧心劳神，一贫如洗，命途多舛，一生难幸福。
2444,18,鹄,木,天生聪颖，多才贤能，中年平凡，晚年吉祥，环境良好。
2445,18,瞽,木,身弱多病，刑偶伤子，中年多灾，晚年吉祥劳神。
2446,18,归,木,少年艰难，英俊多才，中年吉祥，刑偶伤子，晚年隆昌。
2447,18,簧,木,温和贤能，多才伶俐，中年劳或奔波，官运旺，晚年隆昌。
2448,18,获,木,性刚果断，有勇无谋，怀才不遇，武官吉，中年吉祥，晚年劳神。
2449,18,睑,木,忧心劳神，事劳无功，中年多灾，晚年吉祥。
2450,18,简,木,一生清雅伶俐，有才能理智，中年劳，晚年吉祥。
2451,18,槛,木,一生清雅，多才贤能，刑偶伤子，中年吉祥，晚年隆昌，官运旺。
2452,18,谨,木,义利分明，清雅荣贵，中年劳，晚年吉祥，环境良好。
2453,18,旧,木,刑偶伤子，事劳无功，中年多灾，晚年吉祥，女人不幸。
2454,18,鹃,木,清雅多才，小心爱情厄，中年平凡，晚年吉祥隆昌。
2455,18,拦,木,天生聪颖，多才贤能，中年平凡，晚年隆昌。
2456,18,拟,木,忧心劳神，事劳无功，中年多灾，晚年吉祥。
2457,18,骐,木,清秀英俊，多才享福，中年吉祥，晚年隆昌，环境良好。
2458,18,骑,木,刑偶伤子，晚婚大吉，福禄双收，贵人明现，中年劳，晚年吉祥。
2459,18,翘,木,清雅伶俐，多才贤能，智勇双全，官运旺，出国之字。
2460,18,璩,木,性刚，常生祸端，恶死凶亡，中年小心，晚年平凡。
2461,18,绕,木,清雅贤能，理智充足，中年平，晚年吉祥，女人小心爱情厄。
2462,18,蕊,木,小心爱情厄，秀气伶俐，薄幸短寿，不幸再嫁，守寡之字。
2463,18,黠,木,有爱情厄，一生清雅平凡，身弱多病，晚福之字。
2464,18,簪,木,有爱情烦恼，晚婚迟得子大吉，中年有灾，晚年吉祥。
2465,18,鞭,水,英雄豪杰，口快性刚，中年劳，晚年成功隆昌，欠子之字。
2466,18,滨,水,英敏多才，清雅贤能，二子吉祥，忌车怕水，中年平，晚年吉祥。
2467,18,闯,水,刑偶伤子，一生多灾，中年劳苦，忌车怕水，晚年吉祥。
2468,18,翻,水,有才能理智，难遇知己，中年用人小心，晚年吉祥，重情失败。
2469,18,覆,水,少年艰难，中年多灾，身弱奔波，晚年吉祥隆昌。
2470,18,馥,水,秀气伶俐，清雅荣贵，出国之字，官运旺盛，中年成功隆昌。
2471,18,济,水,清雅荣贵，官运旺盛，中年成功隆昌，环境良好。
2472,18,谟,水,清雅荣贵，多才贤能，中年成功隆昌，荣贵之字。
2473,18,蹒,水,外祥内苦，晚婚迟得子吉，中年多灾，晚年吉祥。
2474,18,濮,水,智勇双全，学问丰富，中年成功隆昌，官运旺盛，出国富贵之字。
2475,18,湿,水,身弱短寿，忧心劳神，一贫如洗，多灾难，欠子之字。
2476,18,涛,水,身瘦多才，清雅荣贵，中年吉祥，环境良好，晚年劳神。
2477,18,隙,水,出外逢贵得财，晚婚大吉，中年吉祥，晚年隆昌，官旺之字。
2478,18,滢,水,口快性刚，清雅多才，中年劳，晚年隆昌。
2479,18,杂,水,英俊才人，上下敦睦，一生荣幸多才，中年劳，晚年吉祥。
2480,18,虫,火,一生清雅平凡，保守之格，聪明才干，中年困苦，晚福之字。
2481,18,戴,火,出外逢贵得财，克己助人，中年劳，晚年成功隆昌。
2482,18,焘,火,学识渊博，官运旺，中年成功隆昌，出国之字，环境良好。
2483,18,断,火,有爱情烦恼，忌车怕水，病弱短寿，中年多灾，晚年吉祥。
2484,18,丰,火,多才巧智，清秀伶俐，中年成功隆昌，幸福荣贵之字。
2485,18,烬,火,忧心劳神，病弱短寿，忌车怕水，多灾难，女人守寡。
2486,18,礼,火,清雅伶俐，刑偶欠子，中年吉祥，晚年隆昌，双妻之格。
2487,18,鲤,火,福禄双收，名利有份，一生温和贤能，中年成功隆昌，幸福之字。
2488,18,粮,火,义利分明，克己助人，中年平凡，晚年吉祥，荣幸之字。
2489,18,适,火,刑偶欠子，身弱多病，出外吉祥，中年隆昌，晚年劳神。
2490,18,题,火,出外成功隆昌，自在快乐，中年平，晚年隆昌，环境良好。
2491,18,曜,火,多才勤俭，贤能忠厚，中年平，晚年隆昌，环境良好。
2492,18,瞻,火,福禄双收，少年艰难，中年劳或奔波，晚年吉祥。
2493,18,职,火,晚婚迟得子吉，天生聪颖，中年劳，晚年吉祥，短寿之字。
2494,18,转,火,忧心劳神，事劳无功，中年劳，刑偶伤子，晚年吉祥。
2495,18,础,土,命硬，出外成功，中年劳或奔波，晚年成功隆昌，刑偶伤子。
2496,18,垒,土,忧心劳神，外祥内苦，小心爱情厄，中年多灾，晚年吉祥。
2497,18,医,土,一生清雅多才，清雅贤能，中年劳，晚年隆昌，
2498,18,陨,土,智勇双全，聪明伶俐，二子吉祥，中年平凡，晚年吉祥。
2499,19,镖,金,清雅荣贵，环境良好，刑偶伤子，中年吉祥，晚年劳神。
2500,19,宠,金,清雅多才，秀气荣贵，中年吉祥，女人刑偶伤子。
2501,19,畴,金,学问丰富，清雅荣贵，中年成功隆昌，官运旺，出国之字。
2502,19,辞,金,清雅多才，秀气伶俐，中年劳，勤俭持家，晚年吉祥。
2503,19,祷,金,温和多才，清雅荣贵，身弱多病，中年劳，晚年隆昌，官运旺。
2504,19,颠,金,秀气英敏，天生伶俐，二子吉祥，中年成功隆昌，出国荣幸。
2505,19,镜,金,多才贤能，出外吉祥，官运旺，荣贵隆昌，环境良好。
2506,19,铿,金,操守廉正，清雅荣贵，官运旺，中年成功隆昌，出国之字。
2507,19,迁,金,刑偶伤子，清雅多才，中年潦倒，晚年吉祥。
2508,19,锵,金,命硬，无父母缘，病弱短寿，中年吉祥，环境良好，忌车怕水。
2509,19,鹊,金,理智充足，刑偶伤子，晚婚吉祥，中年劳，晚年隆昌。
2510,19,绳,金,不祥之字，多灾难，一贫如洗，刑偶短寿，难幸福。
2511,19,识,金,刑偶伤子，清雅荣贵，中年吉祥，晚年隆昌，环境良好。
2512,19,兽,金,性刚口快，杀人被杀，有牢狱之灾，恶死凶亡，不祥之字。
2513,19,系,金,有爱情厄，温和诚实，清雅秀气，中年劳，晚年吉祥。
2514,19,选,金,刑偶伤子，清雅伶俐，出外吉祥，中年奔波，晚年隆昌，女人不幸。
2515,19,赞,金,清雅荣贵，刑偶伤子，晚婚大吉，中年劳，晚年隆昌。
2516,19,遵,金,出外吉祥，温和多才，勤俭治家，晚年吉祥，环境良好。
2517,19,关,木,刑偶伤子，晚婚迟得子吉，中年劳，晚年吉祥，欠子之字。
2518,19,鲸,木,温和贤淑，勤俭善良，一世安然，中年成功隆昌，环境良好。
2519,19,旷,木,理智充足，二子吉祥，荣贵隆昌，环境良好。
2520,19,麓,木,名利双收，重信用，中年劳，自成家业，白手成家。
2521,19,难,木,忧心劳神，事劳无功，中年多灾，晚年吉祥。
2522,19,攀,木,有爱情烦恼，刑偶伤子，多灾难，再嫁守寡之字。
2523,19,麒,木,学识渊博，智勇双全，一生荣贵隆昌，二子吉祥，官旺富贵。
2524,19,签,木,忧心劳神，身弱短寿，中年多灾，晚年吉祥但多病。
2525,19,薇,木,秀气多才，清雅伶俐，出外吉祥，中年平，晚年隆昌。
2526,19,萧,木,秀气多能，清雅伶俐，中年劳，晚年吉祥。
2527,19,肖,木,刑偶伤子，事劳无功，中年多灾，晚年隆昌，欠子之字。
2528,19,撷,木,智勇双全，克己助人，中年劳或有爱情厄，晚年吉祥。
2529,19,蟹,木,智勇双全，一生多才贤能，中年劳，晚年吉祥。
2530,19,遗,木,有才能理智，难遇知己，出外吉祥，中年有灾，晚年安详。
2531,19,蚁,木,温和贤能，清雅多才，刑偶伤子，晚年吉祥。
2532,19,羹,水,智勇双全，多才清雅，中年成功隆昌，晚年劳神。
2533,19,绘,水,多才贤能，温和贤淑，晚婚大吉，早婚多灾，中年劳，晚年吉祥。
2534,19,猎,水,多愁多忧，百事劳苦，中年多灾或潦倒，晚年吉祥。
2535,19,泺,水,自在乐天，自成家业，中年劳或奔波，晚年吉祥。
2536,19,靡,水,忧心劳神，刑偶伤子，中年劳或有爱情烦恼，晚年吉祥。
2537,19,鹏,水,性刚果断，身弱多病，中年劳，武官大吉，晚年隆昌，官运旺。
2538,19,谱,水,晚婚迟得子大吉，清雅荣贵，中年吉祥，晚年隆昌，荣贵之字。
2539,19,雾,水,带刀厄，忧心劳神，刑偶伤子，中年劳，晚年吉祥，荣幸之字。
2540,19,齑,火,学识渊博，善良多才，名利双收，福禄永在，荣贵之字。
2541,19,际,火,忠厚善良，谋为出众，中年吉祥，晚年劳神，二子吉祥。
2542,19,羸,火,清雅伶俐，多才巧智，刑偶伤子，晚年吉祥。
2543,19,类,火,清雅伶俐，二子吉祥，中年劳，晚年吉祥，肯做肯劳。
2544,19,离,火,不祥之字，多灾难，刑偶伤子，事劳无功，病弱短寿。
2545,19,丽,火,清秀多才，妻贤子贵，中年平凡，女人小心爱情厄，忌车怕水。
2546,19,龄,火,慈祥有德，温和贤淑，清雅荣贵，中年劳，晚年隆昌。
2547,19,谭,火,温和贤能，英敏清雅，中年吉祥隆昌，晚年劳神。
2548,19,韬,火,多才贤能，清雅多才，中年吉祥，晚年隆昌，官运旺。
2549,19,玺,火,精明公正，义利分明，智勇双全，中年成功隆昌，官运旺，出国之格。
2550,19,绎,火,天生聪颖，小心爱情厄，中年劳，晚年吉祥，但劳神多病。
2551,19,赠,火,英敏多才，清雅荣贵，中年成功隆昌，环境良好，晚婚大吉。
2552,19,辙,火,出国之格，多才伶俐，清雅荣贵，中年成功隆昌，官运旺。
2553,19,稳,土,一生清雅伶俐，早婚不宜，中年劳，晚年吉祥，女人再嫁守寡之字。
2554,19,韵,土,小心爱情厄，二子吉祥，中年有灾，晚婚平安，晚年吉祥。
2555,20,镡,金,清雅多才，一生中年平凡，晚年隆昌，刑偶伤子。
2556,20,触,金,性刚果断，英雄之格，杀人被杀，身弱短寿，忌车怕水。
2557,20,镫,金,身瘦多才，清雅荣贵，中年吉祥，晚年隆昌，环境良好。
2558,20,锏,金,多才贤能，荣贵隆昌，晚婚大吉，中年劳，晚年吉祥。
2559,20,镪,金,智勇双全，义利分明，中年平凡但奔波，晚年隆昌，官运旺。
2560,20,释,金,一生清雅荣贵，智勇双全，中年平凡，晚年吉祥。
2561,20,馨,金,秀气多才，精明公正，中年成功隆昌，小心爱情厄。
2562,20,续,金,二子吉祥，清雅温和，多才伶俐，中年吉祥，环境良好，晚年多病。
2563,20,译,金,一生清闲量大，上下敦睦，爱人所爱，中年吉祥，晚年隆昌。
2564,20,钟,金,一生清雅多才，克己助人，中年平凡，晚年隆昌。
2565,20,藏,木,温和清雅，多才贤能，出外吉祥，中年劳，晚年隆昌。
2566,20,筹,木,多才贤能，清雅伶俐，中年吉祥，身弱多病，晚年隆昌。
2567,20,篡,木,忧心劳神，事劳无功，中年多灾，晚年吉祥。
2568,20,籍,木,晚婚迟得子吉，白手成家，自力更生，中年勤俭，晚年隆昌。
2569,20,继,木,胆识丰富，精明公正，中年成功隆昌，出国之字，小心爱情厄。
2570,20,舰,木,性刚果断，多才贤能，中年劳，晚年吉祥，环境良好。
2571,20,警,木,福禄双收，贵人明现，重情失败，中年劳，晚年吉祥。
2572,20,竞,木,出外吉祥，父母无缘，刑偶伤子，忌车怕水，晚年吉祥。
2573,20,觉,木,刑偶欠子，性刚口快，中年吉祥，晚年隆昌，出外吉祥。
2574,20,阚,木,性刚果断，忌车怕水，中年多灾，晚年吉祥。
2575,20,篮,木,一生清雅伶俐，理智充足，刑偶或伤子，中年劳，晚年吉祥。
2576,20,琼,木,秀气贤能，二子吉祥，中年成功隆昌，出国之格，小心爱情厄。
2577,20,劝,木,刑克父母，中年劳，晚年吉祥，女人多灾。
2578,20,牺,木,多才贤能，温和伶俐，中年平凡，晚年吉祥，环境良好，忌车怕水。
2579,20,献,木,清雅荣贵，官或财旺，中年成功隆昌，环境良好，晚年劳神。
2580,20,悬,木,忧心劳神，刑偶伤子，身弱短寿，中年劳苦，晚年吉祥。
2581,20,薰,木,衣厚食丰，秀气巧妙，清雅荣贵，官运旺，出国之字。
2582,20,严,木,智勇双全，忠厚善良，事业如意，官运旺，成功隆昌，荣贵之字。
2583,20,邀,木,奔波劳苦，事劳无功，中年多灾，晚年吉祥。
2584,20,议,木,英雄格，多才贤能，白手成家，快乐自在，晚年隆昌。
2585,20,怀,水,浮沉不定，机谋多变，刑偶伤子，晚婚大吉，中年劳，小心爱情厄，出国之格。
2586,20,还,水,奔波劳苦，出外逢贵得财，刑偶伤子，中年劳，晚年吉祥。
2587,20,迈,水,少年艰难，出外逢贵得财，中年劳，晚年隆昌，官运旺。
2588,20,颟,水,外祥内苦，刑偶伤子，中年多劳，晚年吉祥，二子幸福。
2589,20,瀜,水,清雅多才，温和伶俐，中年劳，晚年吉祥，女人有爱情烦恼。
2590,20,宝,火,忧心劳神，忌车怕水，中年吉祥，晚年劳神，二子吉祥。
2591,20,阐,火,孤独格，清雅伶俐，福禄双收，中年劳，晚年吉祥，忌车怕水。
2592,20,党,火,多才贤能，理智充足，中年平凡，保守之字，女人有爱情厄。
2593,20,窦,火,一生清雅荣贵，精明公正，刑偶伤子，中年劳，晚年隆昌。
2594,20,炉,火,谋为出众，福禄双收，中年吉祥，刑偶伤子，晚年隆昌。
2595,20,飘,火,,刑偶伤子，福禄双收，中年吉祥，环境良好，晚年劳神，多疾双妻。
2596,20,赡,火,福禄双收，特有人缘，中年劳，晚年吉祥。
2597,20,獭,火,晚婚迟得子吉，肯做肯劳，重信用，中年吉祥，晚年劳神。
2598,20,腾,火,出外逢贵得财，一生清雅，中年劳苦，晚年吉祥。
2599,20,耀,火,天生聪颖，清雅荣贵，多才贤能，中年成功隆昌，出国之格。
2600,20,矿,土,命硬，晚婚吉祥，二子吉祥，中年吉祥，环境良好。
2601,20,砾,土,忧心劳神，身弱多疾，刑偶或伤子，中年劳，晚年吉祥。
2602,20,壤,土,晚婚迟得子吉，早婚半途，出外吉祥，中年劳苦，怀才不遇。
2603,21,衬,金,小心爱情厄，出外吉祥，中年劳苦，晚年吉祥。
2604,21,铎,金,官运财旺，一生优裕，中年平凡，晚年隆昌，环境良好之字。
2605,21,镌,金,刑偶伤子，身弱多病，外祥内苦，中年劳，晚年吉祥。
2606,21,镰,金,清雅荣贵，多才贤能，中年吉祥，晚年隆昌，出国之格。
2607,21,随,金,忧心劳神，事劳无功，外祥内苦，中年多灾，晚年吉祥。
2608,21,铁,金,刑偶伤子，一生清雅，中年吉祥，晚年劳神多病。
2609,21,属,金,忧心劳神，事劳无功，早婚不宜，中年劳，晚年吉祥。
2610,21,顾,木,一生清雅荣贵，理智充足，中年劳，晚年吉祥。
2611,21,颢,木,精明公正，操守廉正，中年成功隆昌，官或财旺，出国之字。
2612,21,鸡,木,忌车怕水，一生清雅平凡，中年劳，晚年吉祥。
2613,21,茧,木,伶俐多才，温和贤淑，中年吉祥，晚年隆昌，出国之字。
2614,21,驱,木,理智充足，清雅伶俐，中年劳苦或潦倒，晚年吉祥。
2615,21,饶,木,多才贤能，清雅伶俐，出外逢贵得财，刑偶伤子，官旺之字。
2616,21,藤,木,身弱多疾，义利分明，名利双收，中年劳，晚年吉祥。
2617,21,嚣,木,口快心直，上下敦睦，小心爱情厄，中年劳，晚年吉祥。
2618,21,药,木,外祥内苦，中年多灾，晚年吉祥，不祥之字。
2619,21,艺,木,有才能理智，温和贤能，中年吉祥，晚年隆昌，出国之字。
2620,21,龈,木,性刚口快，身弱短寿，中年劳苦，晚年吉祥。
2621,21,莺,木,秀气伶俐，多才贤淑，出外吉祥，中年劳，晚年隆昌，刑偶伤子。
2622,21,樱,木,秀气伶俐，清雅伶俐，小心爱情厄，中年劳，晚年隆昌，环境良好。
2623,21,黯,水,不祥之字，暗淡无光，身弱短寿，中年多灾，晚年劳神。
2624,21,霸,水,刑偶欠子，晚婚大吉，中年离乱，成功隆昌，环境良好，双妻之格。
2625,21,辩,水,福禄双收，一生清雅荣贵，保守平凡，环境良好。
2626,21,鹤,水,安详自乐，中年吉祥，晚年隆昌，劳神多疾。
2627,21,轰,水,晚婚大吉，清雅多才，中年成功隆昌，出国之格。
2628,21,护,水,刑偶欠子，晚婚大吉，出外吉祥，中年有灾，晚年隆昌。
2629,21,澜,水,事劳无功，刑偶伤子，有爱情厄，病弱短寿。
2630,21,露,水,秀气伶俐，福禄双收，小心爱情厄，中年平凡，晚年隆昌。
2631,21,霹,水,多才贤能，智勇双全，中年平凡，晚年隆昌，出国之字。
2632,21,缠,火,秀气巧妙，刑偶伤子，身弱多病，中年吉祥，晚年劳神。
2633,21,跻,火,清秀英俊，中年成功隆昌，官运旺，晚年劳神。
2634,21,蜡,火,忧心劳神，事劳无功，孤掌难鸣，中年劳苦，晚年吉祥。
2635,21,览,火,忧心劳神，奔波劳苦，有爱情厄，中年劳，晚年吉祥。
2636,21,累,火,忌车怕水，中年劳，晚年隆昌，女人多劳。
2637,21,灶,火,环境良好，清雅多才，双妻之格，中年劳，成功隆昌，忠厚善良。
2638,21,馔,火,刑偶伤子，一生清雅多才，中年劳苦，晚年吉祥。
2639,21,蠡,土,忧心劳神，事劳无功，有才能理智，中年劳，晚年吉祥。
2640,21,巍,土,清雅伶俐，英敏豪杰，中年劳，晚年吉祥，女人身弱短寿。
2641,21,誉,土,福禄双收，官运旺，白手起家，晚年隆昌，环境良好。
2642,21,跃,土,清雅荣贵，福禄双收，中年吉祥，晚年隆昌，环境良好。
2643,22,鉴,金,精明公正，忠厚善良，中年成功隆昌，富贵之字。
2644,22,癣,金,忧心劳神，事劳无功，多灾难，难得幸福，不祥之字。
2645,22,铸,金,精明公正，忠厚善良，荣贵隆昌，身弱短寿。
2646,22,笼,木,忧心劳神，刑偶伤子，晚婚大吉，中年劳，晚年吉祥。
2647,22,苹,木,秀气伶俐，多才巧智，中年劳或奔波，晚年吉祥隆昌。
2648,22,权,木,清雅荣贵，学问丰富，官运旺，中年成功，晚年劳神。
2649,22,苏,木,天生聪颖，多才贤能，中年劳，晚年吉祥隆昌。
2650,22,俨,木,多愁善感，性刚口快，出外吉祥，中年劳，晚年吉祥。
2651,22,沣,水,多才贤能，清雅伶俐，中年吉祥，晚年隆昌，白手成家。
2652,22,灌,水,刑偶伤子，二子吉祥，清雅荣贵，中年吉祥，环境良好。
2653,22,骅,水,多才能干，清雅伶俐，中年成功隆昌，出国之字。
2654,22,欢,水,刑偶伤子，二子吉祥，清雅荣贵，中年成功隆昌，环境良好。
2655,22,霁,水,春风得意，一生清雅优裕，官运旺，环境良好。
2656,22,鳗,水,秀气巧妙，清雅多才，中年吉祥，晚年隆昌。
2657,22,穰,水,出外吉祥，福禄双收，温和荣贵，中年平，晚年隆昌。
2658,22,响,水,性刚果断，身弱短寿，中年多灾，忌车怕水，不祥之字。
2659,22,藻,水,清雅多才，温和伶俐，官运旺，中年多劳，晚年吉祥。
2660,22,颤,火,清雅多才，环境良好，中年吉祥，晚年隆昌，二子吉祥。
2661,22,籴,火,一生安稳守己，清雅伶俐，中年吉祥，晚年劳神。
2662,22,叠,火,忧心劳神，身弱多病，中年多灾，晚年吉祥。
2663,22,读,火,出外贵人明现，义利分明，官运旺，中年成功隆昌，富贵之字。
2664,22,赎,火,一生平凡保守，中年劳，刑偶伤子，晚年多病。
2665,22,龛,火,性刚果断，克父命，晚婚吉，刑偶伤子，中年劳，晚年吉祥。
2666,22,摄,火,清雅多才，晚婚大吉，中年劳或奔波，晚年吉祥。
2667,22,听,火,性刚口快，父母无缘，中年多灾，晚年吉祥。
2668,22,巅,土,有才能理智，中年劳，晚年成功隆昌，出国之字。
2669,22,懿,土,智勇双全，操守廉正，清雅荣贵，官运旺，富贵之字。
2670,22,隐,土,忧心劳神，事劳无功，中年离乱，再嫁守寡，晚年吉祥。
2671,22,璎,土,清秀聪慧，一生温和贤淑，二子吉祥，小心爱情厄，晚年隆昌，出国之字。
2672,23,镳,金,天生聪颖，精明公正，清雅荣贵，官或财旺，环境良好。
2673,23,銎,金,清雅荣贵，学识渊博，安富尊荣，中年成功隆昌，享福之字。
2674,23,铄,金,秀气伶俐，义利分明，中年平凡，晚年隆昌，环境良好。
2675,23,攒,金,刑偶伤子，清雅伶俐，中年劳，晚年吉祥。
2676,23,鳜,木,生平刚直，出外吉祥，福禄双收，中年吉祥，晚年劳神。
2677,23,兰,木,多才贤能，中年劳，晚年隆昌，女人有爱情厄，身弱短寿，忌车怕水。
2678,23,验,木,怀才不遇，事劳无功，中年多劳，晚年吉祥。
2679,23,驿,木,忧心劳神，身弱短寿，虽成功隆昌，难得幸福。
2680,23,变,水,智勇双全，义利分明，出外吉祥，中年成功隆昌，出国之格。
2681,23,鳞,火,精明公正，多才清雅，中年成功隆昌，官运旺，荣贵出国。
2682,23,麟,火,操守廉正，清雅荣贵，官运旺，中年成功隆昌，出国之格。
2683,23,恋,火,忧心劳神，有爱情厄，晚年吉祥。
2684,23,栾,火,忧心劳神，损丁破财，身弱短寿，难幸福。
2685,23,体,火,忧心劳神，事劳无功，中年多灾，晚年吉祥。
2686,23,显,火,胆识丰富，多才贤能，二子吉祥，晚年劳神。
2687,23,娈,土,刑偶伤子，出外吉祥，中年多灾，忌车怕水。
2688,23,岩,土,身犯破，性刚口快，内心慈祥，出外吉祥，福禄之字。
2689,23,缨,土,秀气多才，清雅伶俐，小心爱情厄，中年平，晚年吉祥。
2690,24,鑫,金,英俊人才，特有人缘，荣贵吉祥，官运旺，环境良好。
2691,24,霭,木,谋为出众，福禄双收，贵人明现，中年吉祥，晚年隆昌。
2692,24,赣,木,少年艰难，中年吉祥隆昌，晚年劳神，短寿之字。
2693,24,羁,木,刑偶欠子，晚婚大吉，中年有离乱之灾，晚年隆昌。
2694,24,搅,木,出外逢贵得财，中年奔波劳苦，忌车怕水，晚年吉祥。
2695,24,篱,木,不祥之字，忧心劳神，多灾难，刑偶伤子，一贫如洗。
2696,24,酿,木,清雅伶俐，贤能勤俭，出外吉祥，中年平凡，晚年吉祥。
2697,24,鹰,木,性刚口快，少年艰难，中年平凡，晚年吉祥，子孙兴旺。
2698,24,灵,火,精明公正，义利分明，中年成功隆昌，名利双收，环境良好。
2699,24,雳,火,刑偶伤子，身弱多病，中年劳，晚年吉祥昌盛。
2700,24,鹭,火,秀气伶俐，温和贤能，中年成功隆昌，晚年劳神。
2701,24,让,火,福禄双收，出外吉祥，中年平凡，晚年隆昌，环境良好。
2702,24,罐,土,有才能理智，福禄双收，中年劳，晚年隆昌。
2703,24,盐,土,兄弟无缘，出外吉祥，中年多灾，晚年隆昌，带血之字。
2704,24,艳,土,秀气伶俐，多才贤能，中年吉祥，小心爱情厄，晚年隆昌。
2705,25,观,木,口快心直，沉静清秀，中年劳，晚年吉祥。
2706,25,缵,木,刑偶伤子，身弱多病，中年劳，晚年吉祥，女人有爱情厄，再嫁之字。
2707,25,灞,水,刑偶或欠子，中年吉祥，但有离乱之灾，晚年隆昌。
2708,25,灏,水,操守廉正，医界大吉，官运旺，中年成功隆昌，富贵之字。
2709,25,蛮,水,刑克父母，刑偶伤子，中年多灾，晚年吉祥。
2710,26,骥,金,出外吉祥，晚婚大吉，中年有灾，忌车怕水，晚年吉祥。
2711,26,湾,水,一生奔波，事劳无功，忌车怕水，有爱情烦恼，晚年吉祥。
2712,26,郦,火,秀气伶俐，天生聪颖，温和贤淑，出国之字，成功隆昌。
2713,26,逻,火,出外吉祥，多才贤能，小心爱情厄，中年劳，晚年吉祥。
2714,27,銮,金,有爱情烦恼，身弱短寿，晚年隆昌，伶俐之字。
2715,27,锣,金,义利分明，清雅多才，中年平凡，晚年隆昌，环境良好。
2716,27,钻,金,刑偶伤子，清雅多才，中年劳，晚年隆昌，环境良好。
2717,27,缆,火,性格复杂，多变易动，出外吉祥，沉浮不定，出外吉祥，一生无运。
2718,27,骧,火,多才贤能，温和贤淑，忌车怕水，少年艰难，中年劳，晚年吉祥。";
